,ghostUp,ghostDown,ghostLeft,ghostRight,wallUp,wallDown,wallLeft,wallRight,foodUp,foodDown,foodLeft,foodRight,emptyUp,emptyDown,emptyLeft,emptyRight,nearestFood,nearestGhost,nearestCapsule,legalPositionUp,legalPositionDown,legalPositionULeft,legalPositionRight,pacmanPositionX,pacmanPositionY,labelNextAction
,,,,,,,,,,,,,,,,,,,,,,,,,,
0,FALSE,FALSE,FALSE,FALSE,TRUE,TRUE,FALSE,FALSE,FALSE,FALSE,TRUE,TRUE,1,1,1,1,1,0.066666667,0.083333333,FALSE,FALSE,TRUE,TRUE,0.45,0.142857143,West
,,,,,,,,,,,,,,,,,,,,,,,,,,
1,FALSE,FALSE,FALSE,FALSE,TRUE,TRUE,FALSE,FALSE,FALSE,FALSE,TRUE,FALSE,1,1,1,1,0.5,0.076923077,0.090909091,FALSE,FALSE,TRUE,TRUE,0.4,0.142857143,West
,,,,,,,,,,,,,,,,,,,,,,,,,,
2,FALSE,FALSE,FALSE,FALSE,TRUE,TRUE,FALSE,FALSE,FALSE,FALSE,TRUE,FALSE,1,1,1,1,0.5,0.090909091,0.111111111,FALSE,FALSE,TRUE,TRUE,0.35,0.142857143,West
,,,,,,,,,,,,,,,,,,,,,,,,,,
3,FALSE,FALSE,FALSE,FALSE,FALSE,TRUE,FALSE,FALSE,TRUE,FALSE,TRUE,FALSE,1,1,1,1,1,0.142857143,0.166666667,TRUE,FALSE,TRUE,TRUE,0.3,0.142857143,West
,,,,,,,,,,,,,,,,,,,,,,,,,,
4,FALSE,FALSE,FALSE,FALSE,TRUE,TRUE,FALSE,FALSE,FALSE,FALSE,TRUE,FALSE,1,1,1,1,0.5,0.142857143,0.166666667,FALSE,FALSE,TRUE,TRUE,0.25,0.142857143,West
,,,,,,,,,,,,,,,,,,,,,,,,,,
5,FALSE,FALSE,FALSE,FALSE,FALSE,TRUE,FALSE,FALSE,TRUE,FALSE,TRUE,FALSE,1,1,1,1,1,0.142857143,0.25,TRUE,FALSE,TRUE,TRUE,0.2,0.142857143,North
,,,,,,,,,,,,,,,,,,,,,,,,,,
6,FALSE,FALSE,FALSE,FALSE,FALSE,FALSE,TRUE,TRUE,TRUE,FALSE,FALSE,FALSE,1,1,1,1,1,0.142857143,0.333333333,TRUE,TRUE,FALSE,FALSE,0.2,0.285714286,North
,,,,,,,,,,,,,,,,,,,,,,,,,,
7,FALSE,FALSE,FALSE,FALSE,FALSE,FALSE,FALSE,TRUE,TRUE,FALSE,FALSE,FALSE,1,1,1,1,1,0.2,0.5,TRUE,TRUE,TRUE,FALSE,0.2,0.428571429,West
,,,,,,,,,,,,,,,,,,,,,,,,,,
8,FALSE,FALSE,FALSE,FALSE,TRUE,TRUE,TRUE,FALSE,FALSE,FALSE,FALSE,FALSE,1,1,1,1,0.5,0.5,0.5,FALSE,FALSE,FALSE,TRUE,0.15,0.428571429,East
,,,,,,,,,,,,,,,,,,,,,,,,,,
9,FALSE,FALSE,FALSE,FALSE,FALSE,FALSE,FALSE,TRUE,TRUE,FALSE,FALSE,FALSE,1,1,1,1,1,0.166666667,0.047619048,TRUE,TRUE,TRUE,FALSE,0.2,0.428571429,West
,,,,,,,,,,,,,,,,,,,,,,,,,,
10,FALSE,FALSE,FALSE,FALSE,TRUE,TRUE,TRUE,FALSE,FALSE,FALSE,FALSE,FALSE,1,1,1,1,0.5,0.5,0.5,FALSE,FALSE,FALSE,TRUE,0.15,0.428571429,East
,,,,,,,,,,,,,,,,,,,,,,,,,,
11,FALSE,FALSE,FALSE,FALSE,FALSE,FALSE,FALSE,TRUE,TRUE,FALSE,FALSE,FALSE,1,1,1,1,1,0.2,0.047619048,TRUE,TRUE,TRUE,FALSE,0.2,0.428571429,West
,,,,,,,,,,,,,,,,,,,,,,,,,,
12,FALSE,FALSE,FALSE,FALSE,TRUE,TRUE,TRUE,FALSE,FALSE,FALSE,FALSE,FALSE,1,1,1,1,0.5,0.5,0.5,FALSE,FALSE,FALSE,TRUE,0.15,0.428571429,East
,,,,,,,,,,,,,,,,,,,,,,,,,,
13,FALSE,FALSE,FALSE,FALSE,FALSE,FALSE,FALSE,TRUE,TRUE,FALSE,FALSE,FALSE,1,1,1,1,1,0.25,0.047619048,TRUE,TRUE,TRUE,FALSE,0.2,0.428571429,South
,,,,,,,,,,,,,,,,,,,,,,,,,,
14,FALSE,FALSE,FALSE,FALSE,FALSE,FALSE,TRUE,TRUE,FALSE,FALSE,FALSE,FALSE,1,1,1,1,0.5,0.5,0.052631579,TRUE,TRUE,FALSE,FALSE,0.2,0.285714286,South
,,,,,,,,,,,,,,,,,,,,,,,,,,
15,FALSE,FALSE,FALSE,FALSE,FALSE,TRUE,FALSE,FALSE,FALSE,FALSE,TRUE,FALSE,1,1,1,1,0.5,0.090909091,0.058823529,TRUE,FALSE,TRUE,TRUE,0.2,0.142857143,West
,,,,,,,,,,,,,,,,,,,,,,,,,,
16,FALSE,FALSE,FALSE,FALSE,TRUE,TRUE,FALSE,FALSE,FALSE,FALSE,TRUE,FALSE,1,1,1,1,0.5,0.076923077,0.052631579,FALSE,FALSE,TRUE,TRUE,0.15,0.142857143,West
,,,,,,,,,,,,,,,,,,,,,,,,,,
17,FALSE,FALSE,FALSE,FALSE,TRUE,TRUE,FALSE,FALSE,FALSE,FALSE,TRUE,FALSE,1,1,1,1,0.5,0.071428571,0.045454545,FALSE,FALSE,TRUE,TRUE,0.1,0.142857143,West
,,,,,,,,,,,,,,,,,,,,,,,,,,
18,FALSE,FALSE,FALSE,FALSE,FALSE,TRUE,TRUE,FALSE,TRUE,FALSE,FALSE,FALSE,1,1,1,1,1,0.0625,0.04,TRUE,FALSE,FALSE,TRUE,0.05,0.142857143,North
,,,,,,,,,,,,,,,,,,,,,,,,,,
19,FALSE,FALSE,FALSE,FALSE,FALSE,FALSE,TRUE,TRUE,TRUE,FALSE,FALSE,FALSE,1,1,1,1,1,0.047619048,0.035714286,TRUE,TRUE,FALSE,FALSE,0.05,0.285714286,North
,,,,,,,,,,,,,,,,,,,,,,,,,,
20,FALSE,FALSE,FALSE,FALSE,FALSE,FALSE,TRUE,TRUE,TRUE,FALSE,FALSE,FALSE,1,1,1,1,1,0.05,0.038461538,TRUE,TRUE,FALSE,FALSE,0.05,0.428571429,North
,,,,,,,,,,,,,,,,,,,,,,,,,,
21,FALSE,FALSE,FALSE,FALSE,FALSE,FALSE,TRUE,TRUE,TRUE,FALSE,FALSE,FALSE,1,1,1,1,1,0.058823529,0.038461538,TRUE,TRUE,FALSE,FALSE,0.05,0.571428571,North
,,,,,,,,,,,,,,,,,,,,,,,,,,
22,FALSE,FALSE,FALSE,FALSE,TRUE,FALSE,TRUE,FALSE,FALSE,FALSE,FALSE,TRUE,1,1,1,1,0.5,0.071428571,0.041666667,FALSE,TRUE,FALSE,TRUE,0.05,0.714285714,East
,,,,,,,,,,,,,,,,,,,,,,,,,,
23,FALSE,FALSE,FALSE,FALSE,TRUE,TRUE,FALSE,FALSE,FALSE,FALSE,FALSE,TRUE,1,1,1,1,1,0.083333333,0.047619048,FALSE,FALSE,TRUE,TRUE,0.1,0.714285714,East
,,,,,,,,,,,,,,,,,,,,,,,,,,
24,FALSE,FALSE,FALSE,FALSE,TRUE,TRUE,FALSE,FALSE,FALSE,FALSE,FALSE,TRUE,1,1,1,1,1,0.090909091,0.052631579,FALSE,FALSE,TRUE,TRUE,0.15,0.714285714,East
,,,,,,,,,,,,,,,,,,,,,,,,,,
25,FALSE,FALSE,FALSE,FALSE,TRUE,FALSE,FALSE,FALSE,FALSE,TRUE,FALSE,TRUE,1,1,1,1,1,0.111111111,0.055555556,FALSE,TRUE,TRUE,TRUE,0.2,0.714285714,South
,,,,,,,,,,,,,,,,,,,,,,,,,,
26,FALSE,FALSE,FALSE,FALSE,FALSE,FALSE,TRUE,FALSE,FALSE,FALSE,FALSE,TRUE,1,1,1,1,0.5,0.125,0.052631579,TRUE,TRUE,FALSE,TRUE,0.2,0.571428571,South
,,,,,,,,,,,,,,,,,,,,,,,,,,
27,FALSE,FALSE,FALSE,FALSE,FALSE,FALSE,FALSE,TRUE,FALSE,FALSE,FALSE,FALSE,1,1,1,1,0.5,0.1,0.047619048,TRUE,TRUE,TRUE,FALSE,0.2,0.428571429,West
,,,,,,,,,,,,,,,,,,,,,,,,,,
28,FALSE,FALSE,FALSE,FALSE,TRUE,TRUE,TRUE,FALSE,FALSE,FALSE,FALSE,FALSE,1,1,1,1,0.5,0.5,0.5,FALSE,FALSE,FALSE,TRUE,0.15,0.428571429,East
,,,,,,,,,,,,,,,,,,,,,,,,,,
29,FALSE,FALSE,FALSE,FALSE,FALSE,FALSE,FALSE,TRUE,FALSE,FALSE,FALSE,FALSE,1,1,1,1,0.5,0.076923077,0.047619048,TRUE,TRUE,TRUE,FALSE,0.2,0.428571429,West
,,,,,,,,,,,,,,,,,,,,,,,,,,
30,FALSE,FALSE,FALSE,FALSE,TRUE,TRUE,TRUE,FALSE,FALSE,FALSE,FALSE,FALSE,1,1,1,1,0.5,0.5,0.5,FALSE,FALSE,FALSE,TRUE,0.15,0.428571429,East
,,,,,,,,,,,,,,,,,,,,,,,,,,
31,FALSE,FALSE,FALSE,FALSE,FALSE,FALSE,FALSE,TRUE,FALSE,FALSE,FALSE,FALSE,1,1,1,1,0.5,0.066666667,0.047619048,TRUE,TRUE,TRUE,FALSE,0.2,0.428571429,West
,,,,,,,,,,,,,,,,,,,,,,,,,,
32,FALSE,FALSE,FALSE,FALSE,TRUE,TRUE,TRUE,FALSE,FALSE,FALSE,FALSE,FALSE,1,1,1,1,0.5,0.5,0.5,FALSE,FALSE,FALSE,TRUE,0.15,0.428571429,East
,,,,,,,,,,,,,,,,,,,,,,,,,,
33,FALSE,FALSE,FALSE,FALSE,FALSE,FALSE,FALSE,TRUE,FALSE,FALSE,FALSE,FALSE,1,1,1,1,0.5,0.055555556,0.047619048,TRUE,TRUE,TRUE,FALSE,0.2,0.428571429,West
,,,,,,,,,,,,,,,,,,,,,,,,,,
34,FALSE,FALSE,FALSE,FALSE,TRUE,TRUE,TRUE,FALSE,FALSE,FALSE,FALSE,FALSE,1,1,1,1,0.5,0.5,0.5,FALSE,FALSE,FALSE,TRUE,0.15,0.428571429,East
,,,,,,,,,,,,,,,,,,,,,,,,,,
35,FALSE,FALSE,FALSE,FALSE,FALSE,FALSE,FALSE,TRUE,FALSE,FALSE,FALSE,FALSE,1,1,1,1,0.5,0.058823529,0.047619048,TRUE,TRUE,TRUE,FALSE,0.2,0.428571429,West
,,,,,,,,,,,,,,,,,,,,,,,,,,
36,FALSE,FALSE,FALSE,FALSE,TRUE,TRUE,TRUE,FALSE,FALSE,FALSE,FALSE,FALSE,1,1,1,1,0.5,0.5,0.5,FALSE,FALSE,FALSE,TRUE,0.15,0.428571429,East
,,,,,,,,,,,,,,,,,,,,,,,,,,
37,FALSE,FALSE,FALSE,FALSE,FALSE,FALSE,FALSE,TRUE,FALSE,FALSE,FALSE,FALSE,1,1,1,1,0.5,0.055555556,0.047619048,TRUE,TRUE,TRUE,FALSE,0.2,0.428571429,West
,,,,,,,,,,,,,,,,,,,,,,,,,,
38,FALSE,FALSE,FALSE,FALSE,TRUE,TRUE,TRUE,FALSE,FALSE,FALSE,FALSE,FALSE,1,1,1,1,0.5,0.5,0.5,FALSE,FALSE,FALSE,TRUE,0.15,0.428571429,East
,,,,,,,,,,,,,,,,,,,,,,,,,,
39,FALSE,FALSE,FALSE,FALSE,FALSE,FALSE,FALSE,TRUE,FALSE,FALSE,FALSE,FALSE,1,1,1,1,0.5,0.052631579,0.047619048,TRUE,TRUE,TRUE,FALSE,0.2,0.428571429,West
,,,,,,,,,,,,,,,,,,,,,,,,,,
40,FALSE,FALSE,FALSE,FALSE,TRUE,TRUE,TRUE,FALSE,FALSE,FALSE,FALSE,FALSE,1,1,1,1,0.5,0.5,0.5,FALSE,FALSE,FALSE,TRUE,0.15,0.428571429,East
,,,,,,,,,,,,,,,,,,,,,,,,,,
41,FALSE,FALSE,FALSE,FALSE,FALSE,FALSE,FALSE,TRUE,FALSE,FALSE,FALSE,FALSE,1,1,1,1,0.5,0.047619048,0.047619048,TRUE,TRUE,TRUE,FALSE,0.2,0.428571429,West
,,,,,,,,,,,,,,,,,,,,,,,,,,
42,FALSE,FALSE,FALSE,FALSE,TRUE,TRUE,TRUE,FALSE,FALSE,FALSE,FALSE,FALSE,1,1,1,1,0.5,0.5,0.5,FALSE,FALSE,FALSE,TRUE,0.15,0.428571429,East
,,,,,,,,,,,,,,,,,,,,,,,,,,
43,FALSE,FALSE,FALSE,FALSE,FALSE,FALSE,FALSE,TRUE,FALSE,FALSE,FALSE,FALSE,1,1,1,1,0.5,0.052631579,0.047619048,TRUE,TRUE,TRUE,FALSE,0.2,0.428571429,West
,,,,,,,,,,,,,,,,,,,,,,,,,,
44,FALSE,FALSE,FALSE,FALSE,TRUE,TRUE,TRUE,FALSE,FALSE,FALSE,FALSE,FALSE,1,1,1,1,0.5,0.5,0.5,FALSE,FALSE,FALSE,TRUE,0.15,0.428571429,East
,,,,,,,,,,,,,,,,,,,,,,,,,,
45,FALSE,FALSE,FALSE,FALSE,FALSE,FALSE,FALSE,TRUE,FALSE,FALSE,FALSE,FALSE,1,1,1,1,0.5,0.055555556,0.047619048,TRUE,TRUE,TRUE,FALSE,0.2,0.428571429,North
,,,,,,,,,,,,,,,,,,,,,,,,,,
46,FALSE,FALSE,FALSE,FALSE,FALSE,FALSE,TRUE,FALSE,FALSE,FALSE,FALSE,TRUE,1,1,1,1,0.5,0.058823529,0.052631579,TRUE,TRUE,FALSE,TRUE,0.2,0.571428571,East
,,,,,,,,,,,,,,,,,,,,,,,,,,
47,FALSE,FALSE,FALSE,FALSE,FALSE,TRUE,FALSE,FALSE,TRUE,FALSE,FALSE,TRUE,1,1,1,1,1,0.0625,0.055555556,TRUE,FALSE,TRUE,TRUE,0.25,0.571428571,East
,,,,,,,,,,,,,,,,,,,,,,,,,,
48,FALSE,FALSE,FALSE,FALSE,FALSE,FALSE,FALSE,TRUE,TRUE,TRUE,FALSE,FALSE,1,1,1,1,1,0.076923077,0.0625,TRUE,TRUE,TRUE,FALSE,0.3,0.571428571,South
,,,,,,,,,,,,,,,,,,,,,,,,,,
49,FALSE,FALSE,FALSE,FALSE,FALSE,FALSE,TRUE,FALSE,FALSE,TRUE,FALSE,TRUE,1,1,1,1,1,0.090909091,0.066666667,TRUE,TRUE,FALSE,TRUE,0.3,0.428571429,East
,,,,,,,,,,,,,,,,,,,,,,,,,,
50,FALSE,FALSE,FALSE,FALSE,TRUE,TRUE,FALSE,FALSE,FALSE,FALSE,FALSE,TRUE,1,1,1,1,1,0.111111111,0.076923077,FALSE,FALSE,TRUE,TRUE,0.35,0.428571429,East
,,,,,,,,,,,,,,,,,,,,,,,,,,
51,FALSE,FALSE,FALSE,FALSE,TRUE,TRUE,FALSE,FALSE,FALSE,FALSE,FALSE,TRUE,1,1,1,1,1,0.125,0.090909091,FALSE,FALSE,TRUE,TRUE,0.4,0.428571429,East
,,,,,,,,,,,,,,,,,,,,,,,,,,
52,FALSE,FALSE,FALSE,FALSE,FALSE,TRUE,FALSE,FALSE,FALSE,FALSE,FALSE,TRUE,1,1,1,1,1,0.125,0.090909091,TRUE,FALSE,TRUE,TRUE,0.45,0.428571429,East
,,,,,,,,,,,,,,,,,,,,,,,,,,
53,FALSE,FALSE,FALSE,FALSE,FALSE,TRUE,FALSE,FALSE,FALSE,FALSE,FALSE,TRUE,1,1,1,1,1,0.125,0.1,TRUE,FALSE,TRUE,TRUE,0.5,0.428571429,East
,,,,,,,,,,,,,,,,,,,,,,,,,,
54,FALSE,FALSE,FALSE,FALSE,TRUE,TRUE,FALSE,FALSE,FALSE,FALSE,FALSE,TRUE,1,1,1,1,1,0.142857143,0.111111111,FALSE,FALSE,TRUE,TRUE,0.55,0.428571429,East
,,,,,,,,,,,,,,,,,,,,,,,,,,
55,FALSE,FALSE,FALSE,FALSE,TRUE,TRUE,FALSE,FALSE,FALSE,FALSE,FALSE,TRUE,1,1,1,1,1,0.142857143,0.142857143,FALSE,FALSE,TRUE,TRUE,0.6,0.428571429,East
,,,,,,,,,,,,,,,,,,,,,,,,,,
56,FALSE,FALSE,FALSE,FALSE,FALSE,FALSE,FALSE,TRUE,TRUE,TRUE,FALSE,FALSE,1,1,1,1,1,0.142857143,0.166666667,TRUE,TRUE,TRUE,FALSE,0.65,0.428571429,North
,,,,,,,,,,,,,,,,,,,,,,,,,,
57,FALSE,FALSE,FALSE,FALSE,FALSE,FALSE,TRUE,FALSE,TRUE,FALSE,FALSE,TRUE,1,1,1,1,1,0.142857143,0.166666667,TRUE,TRUE,FALSE,TRUE,0.65,0.571428571,East
,,,,,,,,,,,,,,,,,,,,,,,,,,
58,FALSE,FALSE,FALSE,FALSE,FALSE,TRUE,FALSE,FALSE,TRUE,FALSE,FALSE,TRUE,1,1,1,1,1,0.142857143,0.25,TRUE,FALSE,TRUE,TRUE,0.7,0.571428571,East
,,,,,,,,,,,,,,,,,,,,,,,,,,
59,FALSE,FALSE,FALSE,FALSE,FALSE,FALSE,FALSE,TRUE,TRUE,TRUE,FALSE,FALSE,1,1,1,1,1,0.142857143,0.333333333,TRUE,TRUE,TRUE,FALSE,0.75,0.571428571,South
,,,,,,,,,,,,,,,,,,,,,,,,,,
60,FALSE,FALSE,FALSE,FALSE,FALSE,FALSE,TRUE,FALSE,FALSE,TRUE,FALSE,FALSE,1,1,1,1,1,0.166666667,0.5,TRUE,TRUE,FALSE,TRUE,0.75,0.428571429,East
,,,,,,,,,,,,,,,,,,,,,,,,,,
61,FALSE,FALSE,FALSE,FALSE,TRUE,TRUE,FALSE,TRUE,FALSE,FALSE,FALSE,FALSE,1,1,1,1,0.5,0.5,0,FALSE,FALSE,TRUE,FALSE,0.8,0.428571429,West
,,,,,,,,,,,,,,,,,,,,,,,,,,
62,FALSE,FALSE,FALSE,FALSE,FALSE,FALSE,TRUE,FALSE,FALSE,TRUE,FALSE,FALSE,1,1,1,1,1,0.2,0,TRUE,TRUE,FALSE,TRUE,0.75,0.428571429,South
,,,,,,,,,,,,,,,,,,,,,,,,,,
63,FALSE,FALSE,FALSE,FALSE,FALSE,FALSE,TRUE,TRUE,FALSE,TRUE,FALSE,FALSE,1,1,1,1,0.5,0.333333333,0,TRUE,TRUE,FALSE,FALSE,0.75,0.285714286,South
,,,,,,,,,,,,,,,,,,,,,,,,,,
64,FALSE,FALSE,FALSE,FALSE,FALSE,TRUE,FALSE,FALSE,FALSE,FALSE,TRUE,TRUE,1,1,1,1,1,1,0,TRUE,FALSE,TRUE,TRUE,0.75,0.142857143,East
,,,,,,,,,,,,,,,,,,,,,,,,,,
65,FALSE,FALSE,FALSE,FALSE,TRUE,TRUE,FALSE,FALSE,FALSE,FALSE,FALSE,TRUE,1,1,1,1,1,0.066666667,0,FALSE,FALSE,TRUE,TRUE,0.8,0.142857143,East
,,,,,,,,,,,,,,,,,,,,,,,,,,
66,FALSE,FALSE,FALSE,FALSE,TRUE,TRUE,FALSE,FALSE,FALSE,FALSE,FALSE,TRUE,1,1,1,1,1,0.0625,0,FALSE,FALSE,TRUE,TRUE,0.85,0.142857143,East
,,,,,,,,,,,,,,,,,,,,,,,,,,
67,FALSE,FALSE,FALSE,FALSE,FALSE,TRUE,FALSE,TRUE,TRUE,FALSE,FALSE,FALSE,1,1,1,1,1,0.058823529,0,TRUE,FALSE,TRUE,FALSE,0.9,0.142857143,North
,,,,,,,,,,,,,,,,,,,,,,,,,,
68,FALSE,FALSE,FALSE,FALSE,FALSE,FALSE,TRUE,TRUE,TRUE,FALSE,FALSE,FALSE,1,1,1,1,1,0.052631579,0,TRUE,TRUE,FALSE,FALSE,0.9,0.285714286,North
,,,,,,,,,,,,,,,,,,,,,,,,,,
69,FALSE,FALSE,FALSE,FALSE,FALSE,FALSE,TRUE,TRUE,TRUE,FALSE,FALSE,FALSE,1,1,1,1,1,0.052631579,0,TRUE,TRUE,FALSE,FALSE,0.9,0.428571429,North
,,,,,,,,,,,,,,,,,,,,,,,,,,
70,FALSE,FALSE,FALSE,FALSE,FALSE,FALSE,TRUE,TRUE,TRUE,FALSE,FALSE,FALSE,1,1,1,1,1,0.055555556,0,TRUE,TRUE,FALSE,FALSE,0.9,0.571428571,North
,,,,,,,,,,,,,,,,,,,,,,,,,,
71,FALSE,FALSE,FALSE,FALSE,TRUE,FALSE,FALSE,TRUE,FALSE,FALSE,TRUE,FALSE,1,1,1,1,0.5,0.066666667,0,FALSE,TRUE,TRUE,FALSE,0.9,0.714285714,West
,,,,,,,,,,,,,,,,,,,,,,,,,,
72,FALSE,FALSE,FALSE,FALSE,TRUE,TRUE,FALSE,FALSE,FALSE,FALSE,TRUE,FALSE,1,1,1,1,0.5,0.071428571,0,FALSE,FALSE,TRUE,TRUE,0.85,0.714285714,West
,,,,,,,,,,,,,,,,,,,,,,,,,,
73,FALSE,FALSE,FALSE,FALSE,TRUE,TRUE,FALSE,FALSE,FALSE,FALSE,TRUE,FALSE,1,1,1,1,0.5,0.090909091,0,FALSE,FALSE,TRUE,TRUE,0.8,0.714285714,West
,,,,,,,,,,,,,,,,,,,,,,,,,,
74,FALSE,FALSE,FALSE,FALSE,TRUE,FALSE,FALSE,FALSE,FALSE,FALSE,TRUE,FALSE,1,1,1,1,0.5,0.125,0,FALSE,TRUE,TRUE,TRUE,0.75,0.714285714,West
,,,,,,,,,,,,,,,,,,,,,,,,,,
75,FALSE,FALSE,FALSE,FALSE,TRUE,FALSE,FALSE,FALSE,FALSE,FALSE,TRUE,FALSE,1,1,1,1,0.5,0.125,0,FALSE,TRUE,TRUE,TRUE,0.7,0.714285714,West
,,,,,,,,,,,,,,,,,,,,,,,,,,
76,FALSE,FALSE,FALSE,FALSE,TRUE,FALSE,TRUE,FALSE,FALSE,FALSE,FALSE,FALSE,1,1,1,1,0.333333333,0.125,0,FALSE,TRUE,FALSE,TRUE,0.65,0.714285714,South
,,,,,,,,,,,,,,,,,,,,,,,,,,
77,FALSE,FALSE,FALSE,FALSE,FALSE,FALSE,TRUE,FALSE,FALSE,FALSE,FALSE,FALSE,1,1,1,1,0.5,0.166666667,0,TRUE,TRUE,FALSE,TRUE,0.65,0.571428571,South
,,,,,,,,,,,,,,,,,,,,,,,,,,
78,FALSE,FALSE,FALSE,FALSE,FALSE,FALSE,FALSE,TRUE,FALSE,TRUE,FALSE,FALSE,1,1,1,1,1,0.25,0,TRUE,TRUE,TRUE,FALSE,0.65,0.428571429,South
,,,,,,,,,,,,,,,,,,,,,,,,,,
79,FALSE,FALSE,FALSE,FALSE,FALSE,FALSE,TRUE,TRUE,FALSE,TRUE,FALSE,FALSE,1,1,1,1,0.5,0.25,0,TRUE,TRUE,FALSE,FALSE,0.65,0.285714286,South
,,,,,,,,,,,,,,,,,,,,,,,,,,
80,FALSE,FALSE,FALSE,FALSE,FALSE,TRUE,FALSE,FALSE,FALSE,FALSE,TRUE,TRUE,1,1,1,1,1,0.25,0,TRUE,FALSE,TRUE,TRUE,0.65,0.142857143,West
,,,,,,,,,,,,,,,,,,,,,,,,,,
81,FALSE,FALSE,FALSE,FALSE,TRUE,TRUE,FALSE,FALSE,FALSE,FALSE,TRUE,FALSE,1,1,1,1,0.5,0.25,0,FALSE,FALSE,TRUE,TRUE,0.6,0.142857143,West
,,,,,,,,,,,,,,,,,,,,,,,,,,
82,FALSE,FALSE,FALSE,FALSE,TRUE,TRUE,FALSE,FALSE,FALSE,FALSE,TRUE,FALSE,1,1,1,1,0.5,0.142857143,0,FALSE,FALSE,TRUE,TRUE,0.55,0.142857143,West
,,,,,,,,,,,,,,,,,,,,,,,,,,
83,FALSE,FALSE,FALSE,FALSE,TRUE,TRUE,FALSE,FALSE,FALSE,FALSE,FALSE,FALSE,1,1,1,1,0.142857143,0.1,0,FALSE,FALSE,TRUE,TRUE,0.5,0.142857143,East
,,,,,,,,,,,,,,,,,,,,,,,,,,
84,FALSE,FALSE,FALSE,FALSE,TRUE,TRUE,FALSE,FALSE,FALSE,FALSE,FALSE,FALSE,1,1,1,1,0.2,0.111111111,0,FALSE,FALSE,TRUE,TRUE,0.55,0.142857143,East
,,,,,,,,,,,,,,,,,,,,,,,,,,
85,FALSE,FALSE,FALSE,FALSE,TRUE,TRUE,FALSE,FALSE,FALSE,FALSE,FALSE,FALSE,1,1,1,1,0.333333333,0.125,0,FALSE,FALSE,TRUE,TRUE,0.6,0.142857143,East
,,,,,,,,,,,,,,,,,,,,,,,,,,
86,FALSE,FALSE,FALSE,FALSE,FALSE,TRUE,FALSE,FALSE,FALSE,FALSE,FALSE,TRUE,1,1,1,1,1,0.166666667,0,TRUE,FALSE,TRUE,TRUE,0.65,0.142857143,East
,,,,,,,,,,,,,,,,,,,,,,,,,,
87,FALSE,FALSE,FALSE,FALSE,TRUE,TRUE,FALSE,FALSE,FALSE,FALSE,FALSE,FALSE,1,1,1,1,0.083333333,0.25,0,FALSE,FALSE,TRUE,TRUE,0.7,0.142857143,West
,,,,,,,,,,,,,,,,,,,,,,,,,,
88,FALSE,FALSE,FALSE,FALSE,FALSE,TRUE,FALSE,FALSE,FALSE,FALSE,FALSE,FALSE,1,1,1,1,0.1,0.25,0,TRUE,FALSE,TRUE,TRUE,0.65,0.142857143,West
,,,,,,,,,,,,,,,,,,,,,,,,,,
89,FALSE,FALSE,FALSE,FALSE,TRUE,TRUE,FALSE,FALSE,FALSE,FALSE,FALSE,FALSE,1,1,1,1,0.111111111,0.25,0,FALSE,FALSE,TRUE,TRUE,0.6,0.142857143,West
,,,,,,,,,,,,,,,,,,,,,,,,,,
90,FALSE,FALSE,FALSE,FALSE,TRUE,TRUE,FALSE,FALSE,FALSE,FALSE,FALSE,FALSE,1,1,1,1,0.111111111,0.125,0,FALSE,FALSE,TRUE,TRUE,0.55,0.142857143,West
,,,,,,,,,,,,,,,,,,,,,,,,,,
91,FALSE,FALSE,FALSE,FALSE,TRUE,TRUE,FALSE,FALSE,FALSE,FALSE,FALSE,FALSE,1,1,1,1,0.125,0.090909091,0,FALSE,FALSE,TRUE,TRUE,0.5,0.142857143,West
,,,,,,,,,,,,,,,,,,,,,,,,,,
92,FALSE,FALSE,FALSE,FALSE,TRUE,TRUE,FALSE,FALSE,FALSE,FALSE,FALSE,FALSE,1,1,1,1,0.142857143,0.076923077,0,FALSE,FALSE,TRUE,TRUE,0.45,0.142857143,West
,,,,,,,,,,,,,,,,,,,,,,,,,,
93,FALSE,FALSE,FALSE,FALSE,TRUE,TRUE,FALSE,FALSE,FALSE,FALSE,FALSE,FALSE,1,1,1,1,0.2,0.1,0,FALSE,FALSE,TRUE,TRUE,0.4,0.142857143,West
,,,,,,,,,,,,,,,,,,,,,,,,,,
94,FALSE,FALSE,FALSE,FALSE,TRUE,TRUE,FALSE,FALSE,FALSE,FALSE,FALSE,FALSE,1,1,1,1,0.333333333,0.142857143,0,FALSE,FALSE,TRUE,TRUE,0.35,0.142857143,West
,,,,,,,,,,,,,,,,,,,,,,,,,,
95,FALSE,FALSE,FALSE,FALSE,FALSE,TRUE,FALSE,FALSE,TRUE,FALSE,FALSE,FALSE,1,1,1,1,1,0.333333333,0,TRUE,FALSE,TRUE,TRUE,0.3,0.142857143,North
,,,,,,,,,,,,,,,,,,,,,,,,,,
96,FALSE,FALSE,FALSE,FALSE,FALSE,FALSE,TRUE,TRUE,FALSE,FALSE,FALSE,FALSE,1,1,1,1,0.333333333,0.25,0,TRUE,TRUE,FALSE,FALSE,0.3,0.285714286,North
,,,,,,,,,,,,,,,,,,,,,,,,,,
97,FALSE,FALSE,FALSE,FALSE,FALSE,FALSE,TRUE,FALSE,FALSE,FALSE,FALSE,FALSE,1,1,1,1,0.5,0.333333333,0,TRUE,TRUE,FALSE,TRUE,0.3,0.428571429,North
,,,,,,,,,,,,,,,,,,,,,,,,,,
98,FALSE,FALSE,FALSE,FALSE,FALSE,FALSE,FALSE,TRUE,TRUE,FALSE,FALSE,FALSE,1,1,1,1,1,0.333333333,0,TRUE,TRUE,TRUE,FALSE,0.3,0.571428571,North
,,,,,,,,,,,,,,,,,,,,,,,,,,
99,FALSE,FALSE,FALSE,FALSE,TRUE,FALSE,FALSE,TRUE,FALSE,FALSE,TRUE,FALSE,1,1,1,1,0.5,0.25,0,FALSE,TRUE,TRUE,FALSE,0.3,0.714285714,West
,,,,,,,,,,,,,,,,,,,,,,,,,,
0,FALSE,FALSE,FALSE,FALSE,TRUE,TRUE,FALSE,FALSE,FALSE,FALSE,TRUE,TRUE,1,1,1,1,1,0.066666667,0.083333333,FALSE,FALSE,TRUE,TRUE,0.45,0.142857143,West
,,,,,,,,,,,,,,,,,,,,,,,,,,
1,FALSE,FALSE,FALSE,FALSE,TRUE,TRUE,FALSE,FALSE,FALSE,FALSE,TRUE,FALSE,1,1,1,1,0.5,0.076923077,0.090909091,FALSE,FALSE,TRUE,TRUE,0.4,0.142857143,West
,,,,,,,,,,,,,,,,,,,,,,,,,,
2,FALSE,FALSE,FALSE,FALSE,TRUE,TRUE,FALSE,FALSE,FALSE,FALSE,TRUE,FALSE,1,1,1,1,0.5,0.090909091,0.111111111,FALSE,FALSE,TRUE,TRUE,0.35,0.142857143,West
,,,,,,,,,,,,,,,,,,,,,,,,,,
3,FALSE,FALSE,FALSE,FALSE,FALSE,TRUE,FALSE,FALSE,TRUE,FALSE,TRUE,FALSE,1,1,1,1,1,0.142857143,0.166666667,TRUE,FALSE,TRUE,TRUE,0.3,0.142857143,West
,,,,,,,,,,,,,,,,,,,,,,,,,,
4,FALSE,FALSE,FALSE,FALSE,TRUE,TRUE,FALSE,FALSE,FALSE,FALSE,TRUE,FALSE,1,1,1,1,0.5,0.142857143,0.166666667,FALSE,FALSE,TRUE,TRUE,0.25,0.142857143,West
,,,,,,,,,,,,,,,,,,,,,,,,,,
5,FALSE,FALSE,FALSE,FALSE,FALSE,TRUE,FALSE,FALSE,TRUE,FALSE,TRUE,FALSE,1,1,1,1,1,0.142857143,0.25,TRUE,FALSE,TRUE,TRUE,0.2,0.142857143,North
,,,,,,,,,,,,,,,,,,,,,,,,,,
6,FALSE,FALSE,FALSE,FALSE,FALSE,FALSE,TRUE,TRUE,TRUE,FALSE,FALSE,FALSE,1,1,1,1,1,0.142857143,0.333333333,TRUE,TRUE,FALSE,FALSE,0.2,0.285714286,North
,,,,,,,,,,,,,,,,,,,,,,,,,,
7,FALSE,FALSE,FALSE,FALSE,FALSE,FALSE,FALSE,TRUE,TRUE,FALSE,FALSE,FALSE,1,1,1,1,1,0.2,0.5,TRUE,TRUE,TRUE,FALSE,0.2,0.428571429,West
,,,,,,,,,,,,,,,,,,,,,,,,,,
8,FALSE,FALSE,FALSE,FALSE,TRUE,TRUE,TRUE,FALSE,FALSE,FALSE,FALSE,FALSE,1,1,1,1,0.5,0.5,0.5,FALSE,FALSE,FALSE,TRUE,0.15,0.428571429,East
,,,,,,,,,,,,,,,,,,,,,,,,,,
9,FALSE,FALSE,FALSE,FALSE,FALSE,FALSE,FALSE,TRUE,TRUE,FALSE,FALSE,FALSE,1,1,1,1,1,0.166666667,0.047619048,TRUE,TRUE,TRUE,FALSE,0.2,0.428571429,West
,,,,,,,,,,,,,,,,,,,,,,,,,,
10,FALSE,FALSE,FALSE,FALSE,TRUE,TRUE,TRUE,FALSE,FALSE,FALSE,FALSE,FALSE,1,1,1,1,0.5,0.5,0.5,FALSE,FALSE,FALSE,TRUE,0.15,0.428571429,East
,,,,,,,,,,,,,,,,,,,,,,,,,,
11,FALSE,FALSE,FALSE,FALSE,FALSE,FALSE,FALSE,TRUE,TRUE,FALSE,FALSE,FALSE,1,1,1,1,1,0.2,0.047619048,TRUE,TRUE,TRUE,FALSE,0.2,0.428571429,West
,,,,,,,,,,,,,,,,,,,,,,,,,,
12,FALSE,FALSE,FALSE,FALSE,TRUE,TRUE,TRUE,FALSE,FALSE,FALSE,FALSE,FALSE,1,1,1,1,0.5,0.5,0.5,FALSE,FALSE,FALSE,TRUE,0.15,0.428571429,East
,,,,,,,,,,,,,,,,,,,,,,,,,,
13,FALSE,FALSE,FALSE,FALSE,FALSE,FALSE,FALSE,TRUE,TRUE,FALSE,FALSE,FALSE,1,1,1,1,1,0.25,0.047619048,TRUE,TRUE,TRUE,FALSE,0.2,0.428571429,South
,,,,,,,,,,,,,,,,,,,,,,,,,,
14,FALSE,FALSE,FALSE,FALSE,FALSE,FALSE,TRUE,TRUE,FALSE,FALSE,FALSE,FALSE,1,1,1,1,0.5,0.5,0.052631579,TRUE,TRUE,FALSE,FALSE,0.2,0.285714286,South
,,,,,,,,,,,,,,,,,,,,,,,,,,
15,FALSE,FALSE,FALSE,FALSE,FALSE,TRUE,FALSE,FALSE,FALSE,FALSE,TRUE,FALSE,1,1,1,1,0.5,0.090909091,0.058823529,TRUE,FALSE,TRUE,TRUE,0.2,0.142857143,West
,,,,,,,,,,,,,,,,,,,,,,,,,,
16,FALSE,FALSE,FALSE,FALSE,TRUE,TRUE,FALSE,FALSE,FALSE,FALSE,TRUE,FALSE,1,1,1,1,0.5,0.076923077,0.052631579,FALSE,FALSE,TRUE,TRUE,0.15,0.142857143,West
,,,,,,,,,,,,,,,,,,,,,,,,,,
17,FALSE,FALSE,FALSE,FALSE,TRUE,TRUE,FALSE,FALSE,FALSE,FALSE,TRUE,FALSE,1,1,1,1,0.5,0.071428571,0.045454545,FALSE,FALSE,TRUE,TRUE,0.1,0.142857143,West
,,,,,,,,,,,,,,,,,,,,,,,,,,
18,FALSE,FALSE,FALSE,FALSE,FALSE,TRUE,TRUE,FALSE,TRUE,FALSE,FALSE,FALSE,1,1,1,1,1,0.0625,0.04,TRUE,FALSE,FALSE,TRUE,0.05,0.142857143,North
,,,,,,,,,,,,,,,,,,,,,,,,,,
19,FALSE,FALSE,FALSE,FALSE,FALSE,FALSE,TRUE,TRUE,TRUE,FALSE,FALSE,FALSE,1,1,1,1,1,0.047619048,0.035714286,TRUE,TRUE,FALSE,FALSE,0.05,0.285714286,North
,,,,,,,,,,,,,,,,,,,,,,,,,,
20,FALSE,FALSE,FALSE,FALSE,FALSE,FALSE,TRUE,TRUE,TRUE,FALSE,FALSE,FALSE,1,1,1,1,1,0.05,0.038461538,TRUE,TRUE,FALSE,FALSE,0.05,0.428571429,North
,,,,,,,,,,,,,,,,,,,,,,,,,,
21,FALSE,FALSE,FALSE,FALSE,FALSE,FALSE,TRUE,TRUE,TRUE,FALSE,FALSE,FALSE,1,1,1,1,1,0.058823529,0.038461538,TRUE,TRUE,FALSE,FALSE,0.05,0.571428571,North
,,,,,,,,,,,,,,,,,,,,,,,,,,
22,FALSE,FALSE,FALSE,FALSE,TRUE,FALSE,TRUE,FALSE,FALSE,FALSE,FALSE,TRUE,1,1,1,1,0.5,0.071428571,0.041666667,FALSE,TRUE,FALSE,TRUE,0.05,0.714285714,East
,,,,,,,,,,,,,,,,,,,,,,,,,,
23,FALSE,FALSE,FALSE,FALSE,TRUE,TRUE,FALSE,FALSE,FALSE,FALSE,FALSE,TRUE,1,1,1,1,1,0.083333333,0.047619048,FALSE,FALSE,TRUE,TRUE,0.1,0.714285714,East
,,,,,,,,,,,,,,,,,,,,,,,,,,
24,FALSE,FALSE,FALSE,FALSE,TRUE,TRUE,FALSE,FALSE,FALSE,FALSE,FALSE,TRUE,1,1,1,1,1,0.090909091,0.052631579,FALSE,FALSE,TRUE,TRUE,0.15,0.714285714,East
,,,,,,,,,,,,,,,,,,,,,,,,,,
25,FALSE,FALSE,FALSE,FALSE,TRUE,FALSE,FALSE,FALSE,FALSE,TRUE,FALSE,TRUE,1,1,1,1,1,0.111111111,0.055555556,FALSE,TRUE,TRUE,TRUE,0.2,0.714285714,South
,,,,,,,,,,,,,,,,,,,,,,,,,,
26,FALSE,FALSE,FALSE,FALSE,FALSE,FALSE,TRUE,FALSE,FALSE,FALSE,FALSE,TRUE,1,1,1,1,0.5,0.125,0.052631579,TRUE,TRUE,FALSE,TRUE,0.2,0.571428571,South
,,,,,,,,,,,,,,,,,,,,,,,,,,
27,FALSE,FALSE,FALSE,FALSE,FALSE,FALSE,FALSE,TRUE,FALSE,FALSE,FALSE,FALSE,1,1,1,1,0.5,0.1,0.047619048,TRUE,TRUE,TRUE,FALSE,0.2,0.428571429,West
,,,,,,,,,,,,,,,,,,,,,,,,,,
28,FALSE,FALSE,FALSE,FALSE,TRUE,TRUE,TRUE,FALSE,FALSE,FALSE,FALSE,FALSE,1,1,1,1,0.5,0.5,0.5,FALSE,FALSE,FALSE,TRUE,0.15,0.428571429,East
,,,,,,,,,,,,,,,,,,,,,,,,,,
29,FALSE,FALSE,FALSE,FALSE,FALSE,FALSE,FALSE,TRUE,FALSE,FALSE,FALSE,FALSE,1,1,1,1,0.5,0.076923077,0.047619048,TRUE,TRUE,TRUE,FALSE,0.2,0.428571429,West
,,,,,,,,,,,,,,,,,,,,,,,,,,
30,FALSE,FALSE,FALSE,FALSE,TRUE,TRUE,TRUE,FALSE,FALSE,FALSE,FALSE,FALSE,1,1,1,1,0.5,0.5,0.5,FALSE,FALSE,FALSE,TRUE,0.15,0.428571429,East
,,,,,,,,,,,,,,,,,,,,,,,,,,
31,FALSE,FALSE,FALSE,FALSE,FALSE,FALSE,FALSE,TRUE,FALSE,FALSE,FALSE,FALSE,1,1,1,1,0.5,0.066666667,0.047619048,TRUE,TRUE,TRUE,FALSE,0.2,0.428571429,West
,,,,,,,,,,,,,,,,,,,,,,,,,,
32,FALSE,FALSE,FALSE,FALSE,TRUE,TRUE,TRUE,FALSE,FALSE,FALSE,FALSE,FALSE,1,1,1,1,0.5,0.5,0.5,FALSE,FALSE,FALSE,TRUE,0.15,0.428571429,East
,,,,,,,,,,,,,,,,,,,,,,,,,,
33,FALSE,FALSE,FALSE,FALSE,FALSE,FALSE,FALSE,TRUE,FALSE,FALSE,FALSE,FALSE,1,1,1,1,0.5,0.055555556,0.047619048,TRUE,TRUE,TRUE,FALSE,0.2,0.428571429,West
,,,,,,,,,,,,,,,,,,,,,,,,,,
34,FALSE,FALSE,FALSE,FALSE,TRUE,TRUE,TRUE,FALSE,FALSE,FALSE,FALSE,FALSE,1,1,1,1,0.5,0.5,0.5,FALSE,FALSE,FALSE,TRUE,0.15,0.428571429,East
,,,,,,,,,,,,,,,,,,,,,,,,,,
35,FALSE,FALSE,FALSE,FALSE,FALSE,FALSE,FALSE,TRUE,FALSE,FALSE,FALSE,FALSE,1,1,1,1,0.5,0.058823529,0.047619048,TRUE,TRUE,TRUE,FALSE,0.2,0.428571429,West
,,,,,,,,,,,,,,,,,,,,,,,,,,
36,FALSE,FALSE,FALSE,FALSE,TRUE,TRUE,TRUE,FALSE,FALSE,FALSE,FALSE,FALSE,1,1,1,1,0.5,0.5,0.5,FALSE,FALSE,FALSE,TRUE,0.15,0.428571429,East
,,,,,,,,,,,,,,,,,,,,,,,,,,
37,FALSE,FALSE,FALSE,FALSE,FALSE,FALSE,FALSE,TRUE,FALSE,FALSE,FALSE,FALSE,1,1,1,1,0.5,0.055555556,0.047619048,TRUE,TRUE,TRUE,FALSE,0.2,0.428571429,West
,,,,,,,,,,,,,,,,,,,,,,,,,,
38,FALSE,FALSE,FALSE,FALSE,TRUE,TRUE,TRUE,FALSE,FALSE,FALSE,FALSE,FALSE,1,1,1,1,0.5,0.5,0.5,FALSE,FALSE,FALSE,TRUE,0.15,0.428571429,East
,,,,,,,,,,,,,,,,,,,,,,,,,,
39,FALSE,FALSE,FALSE,FALSE,FALSE,FALSE,FALSE,TRUE,FALSE,FALSE,FALSE,FALSE,1,1,1,1,0.5,0.052631579,0.047619048,TRUE,TRUE,TRUE,FALSE,0.2,0.428571429,West
,,,,,,,,,,,,,,,,,,,,,,,,,,
40,FALSE,FALSE,FALSE,FALSE,TRUE,TRUE,TRUE,FALSE,FALSE,FALSE,FALSE,FALSE,1,1,1,1,0.5,0.5,0.5,FALSE,FALSE,FALSE,TRUE,0.15,0.428571429,East
,,,,,,,,,,,,,,,,,,,,,,,,,,
41,FALSE,FALSE,FALSE,FALSE,FALSE,FALSE,FALSE,TRUE,FALSE,FALSE,FALSE,FALSE,1,1,1,1,0.5,0.047619048,0.047619048,TRUE,TRUE,TRUE,FALSE,0.2,0.428571429,West
,,,,,,,,,,,,,,,,,,,,,,,,,,
42,FALSE,FALSE,FALSE,FALSE,TRUE,TRUE,TRUE,FALSE,FALSE,FALSE,FALSE,FALSE,1,1,1,1,0.5,0.5,0.5,FALSE,FALSE,FALSE,TRUE,0.15,0.428571429,East
,,,,,,,,,,,,,,,,,,,,,,,,,,
43,FALSE,FALSE,FALSE,FALSE,FALSE,FALSE,FALSE,TRUE,FALSE,FALSE,FALSE,FALSE,1,1,1,1,0.5,0.052631579,0.047619048,TRUE,TRUE,TRUE,FALSE,0.2,0.428571429,West
,,,,,,,,,,,,,,,,,,,,,,,,,,
44,FALSE,FALSE,FALSE,FALSE,TRUE,TRUE,TRUE,FALSE,FALSE,FALSE,FALSE,FALSE,1,1,1,1,0.5,0.5,0.5,FALSE,FALSE,FALSE,TRUE,0.15,0.428571429,East
,,,,,,,,,,,,,,,,,,,,,,,,,,
45,FALSE,FALSE,FALSE,FALSE,FALSE,FALSE,FALSE,TRUE,FALSE,FALSE,FALSE,FALSE,1,1,1,1,0.5,0.055555556,0.047619048,TRUE,TRUE,TRUE,FALSE,0.2,0.428571429,North
,,,,,,,,,,,,,,,,,,,,,,,,,,
46,FALSE,FALSE,FALSE,FALSE,FALSE,FALSE,TRUE,FALSE,FALSE,FALSE,FALSE,TRUE,1,1,1,1,0.5,0.058823529,0.052631579,TRUE,TRUE,FALSE,TRUE,0.2,0.571428571,East
,,,,,,,,,,,,,,,,,,,,,,,,,,
47,FALSE,FALSE,FALSE,FALSE,FALSE,TRUE,FALSE,FALSE,TRUE,FALSE,FALSE,TRUE,1,1,1,1,1,0.0625,0.055555556,TRUE,FALSE,TRUE,TRUE,0.25,0.571428571,East
,,,,,,,,,,,,,,,,,,,,,,,,,,
48,FALSE,FALSE,FALSE,FALSE,FALSE,FALSE,FALSE,TRUE,TRUE,TRUE,FALSE,FALSE,1,1,1,1,1,0.076923077,0.0625,TRUE,TRUE,TRUE,FALSE,0.3,0.571428571,South
,,,,,,,,,,,,,,,,,,,,,,,,,,
49,FALSE,FALSE,FALSE,FALSE,FALSE,FALSE,TRUE,FALSE,FALSE,TRUE,FALSE,TRUE,1,1,1,1,1,0.090909091,0.066666667,TRUE,TRUE,FALSE,TRUE,0.3,0.428571429,East
,,,,,,,,,,,,,,,,,,,,,,,,,,
50,FALSE,FALSE,FALSE,FALSE,TRUE,TRUE,FALSE,FALSE,FALSE,FALSE,FALSE,TRUE,1,1,1,1,1,0.111111111,0.076923077,FALSE,FALSE,TRUE,TRUE,0.35,0.428571429,East
,,,,,,,,,,,,,,,,,,,,,,,,,,
51,FALSE,FALSE,FALSE,FALSE,TRUE,TRUE,FALSE,FALSE,FALSE,FALSE,FALSE,TRUE,1,1,1,1,1,0.125,0.090909091,FALSE,FALSE,TRUE,TRUE,0.4,0.428571429,East
,,,,,,,,,,,,,,,,,,,,,,,,,,
52,FALSE,FALSE,FALSE,FALSE,FALSE,TRUE,FALSE,FALSE,FALSE,FALSE,FALSE,TRUE,1,1,1,1,1,0.125,0.090909091,TRUE,FALSE,TRUE,TRUE,0.45,0.428571429,East
,,,,,,,,,,,,,,,,,,,,,,,,,,
53,FALSE,FALSE,FALSE,FALSE,FALSE,TRUE,FALSE,FALSE,FALSE,FALSE,FALSE,TRUE,1,1,1,1,1,0.125,0.1,TRUE,FALSE,TRUE,TRUE,0.5,0.428571429,East
,,,,,,,,,,,,,,,,,,,,,,,,,,
54,FALSE,FALSE,FALSE,FALSE,TRUE,TRUE,FALSE,FALSE,FALSE,FALSE,FALSE,TRUE,1,1,1,1,1,0.142857143,0.111111111,FALSE,FALSE,TRUE,TRUE,0.55,0.428571429,East
,,,,,,,,,,,,,,,,,,,,,,,,,,
55,FALSE,FALSE,FALSE,FALSE,TRUE,TRUE,FALSE,FALSE,FALSE,FALSE,FALSE,TRUE,1,1,1,1,1,0.142857143,0.142857143,FALSE,FALSE,TRUE,TRUE,0.6,0.428571429,East
,,,,,,,,,,,,,,,,,,,,,,,,,,
56,FALSE,FALSE,FALSE,FALSE,FALSE,FALSE,FALSE,TRUE,TRUE,TRUE,FALSE,FALSE,1,1,1,1,1,0.142857143,0.166666667,TRUE,TRUE,TRUE,FALSE,0.65,0.428571429,North
,,,,,,,,,,,,,,,,,,,,,,,,,,
57,FALSE,FALSE,FALSE,FALSE,FALSE,FALSE,TRUE,FALSE,TRUE,FALSE,FALSE,TRUE,1,1,1,1,1,0.142857143,0.166666667,TRUE,TRUE,FALSE,TRUE,0.65,0.571428571,East
,,,,,,,,,,,,,,,,,,,,,,,,,,
58,FALSE,FALSE,FALSE,FALSE,FALSE,TRUE,FALSE,FALSE,TRUE,FALSE,FALSE,TRUE,1,1,1,1,1,0.142857143,0.25,TRUE,FALSE,TRUE,TRUE,0.7,0.571428571,East
,,,,,,,,,,,,,,,,,,,,,,,,,,
59,FALSE,FALSE,FALSE,FALSE,FALSE,FALSE,FALSE,TRUE,TRUE,TRUE,FALSE,FALSE,1,1,1,1,1,0.142857143,0.333333333,TRUE,TRUE,TRUE,FALSE,0.75,0.571428571,South
,,,,,,,,,,,,,,,,,,,,,,,,,,
60,FALSE,FALSE,FALSE,FALSE,FALSE,FALSE,TRUE,FALSE,FALSE,TRUE,FALSE,FALSE,1,1,1,1,1,0.166666667,0.5,TRUE,TRUE,FALSE,TRUE,0.75,0.428571429,East
,,,,,,,,,,,,,,,,,,,,,,,,,,
61,FALSE,FALSE,FALSE,FALSE,TRUE,TRUE,FALSE,TRUE,FALSE,FALSE,FALSE,FALSE,1,1,1,1,0.5,0.5,0,FALSE,FALSE,TRUE,FALSE,0.8,0.428571429,West
,,,,,,,,,,,,,,,,,,,,,,,,,,
62,FALSE,FALSE,FALSE,FALSE,FALSE,FALSE,TRUE,FALSE,FALSE,TRUE,FALSE,FALSE,1,1,1,1,1,0.2,0,TRUE,TRUE,FALSE,TRUE,0.75,0.428571429,South
,,,,,,,,,,,,,,,,,,,,,,,,,,
63,FALSE,FALSE,FALSE,FALSE,FALSE,FALSE,TRUE,TRUE,FALSE,TRUE,FALSE,FALSE,1,1,1,1,0.5,0.333333333,0,TRUE,TRUE,FALSE,FALSE,0.75,0.285714286,South
,,,,,,,,,,,,,,,,,,,,,,,,,,
64,FALSE,FALSE,FALSE,FALSE,FALSE,TRUE,FALSE,FALSE,FALSE,FALSE,TRUE,TRUE,1,1,1,1,1,1,0,TRUE,FALSE,TRUE,TRUE,0.75,0.142857143,East
,,,,,,,,,,,,,,,,,,,,,,,,,,
65,FALSE,FALSE,FALSE,FALSE,TRUE,TRUE,FALSE,FALSE,FALSE,FALSE,FALSE,TRUE,1,1,1,1,1,0.066666667,0,FALSE,FALSE,TRUE,TRUE,0.8,0.142857143,East
,,,,,,,,,,,,,,,,,,,,,,,,,,
66,FALSE,FALSE,FALSE,FALSE,TRUE,TRUE,FALSE,FALSE,FALSE,FALSE,FALSE,TRUE,1,1,1,1,1,0.0625,0,FALSE,FALSE,TRUE,TRUE,0.85,0.142857143,East
,,,,,,,,,,,,,,,,,,,,,,,,,,
67,FALSE,FALSE,FALSE,FALSE,FALSE,TRUE,FALSE,TRUE,TRUE,FALSE,FALSE,FALSE,1,1,1,1,1,0.058823529,0,TRUE,FALSE,TRUE,FALSE,0.9,0.142857143,North
,,,,,,,,,,,,,,,,,,,,,,,,,,
68,FALSE,FALSE,FALSE,FALSE,FALSE,FALSE,TRUE,TRUE,TRUE,FALSE,FALSE,FALSE,1,1,1,1,1,0.052631579,0,TRUE,TRUE,FALSE,FALSE,0.9,0.285714286,North
,,,,,,,,,,,,,,,,,,,,,,,,,,
69,FALSE,FALSE,FALSE,FALSE,FALSE,FALSE,TRUE,TRUE,TRUE,FALSE,FALSE,FALSE,1,1,1,1,1,0.052631579,0,TRUE,TRUE,FALSE,FALSE,0.9,0.428571429,North
,,,,,,,,,,,,,,,,,,,,,,,,,,
70,FALSE,FALSE,FALSE,FALSE,FALSE,FALSE,TRUE,TRUE,TRUE,FALSE,FALSE,FALSE,1,1,1,1,1,0.055555556,0,TRUE,TRUE,FALSE,FALSE,0.9,0.571428571,North
,,,,,,,,,,,,,,,,,,,,,,,,,,
71,FALSE,FALSE,FALSE,FALSE,TRUE,FALSE,FALSE,TRUE,FALSE,FALSE,TRUE,FALSE,1,1,1,1,0.5,0.066666667,0,FALSE,TRUE,TRUE,FALSE,0.9,0.714285714,West
,,,,,,,,,,,,,,,,,,,,,,,,,,
72,FALSE,FALSE,FALSE,FALSE,TRUE,TRUE,FALSE,FALSE,FALSE,FALSE,TRUE,FALSE,1,1,1,1,0.5,0.071428571,0,FALSE,FALSE,TRUE,TRUE,0.85,0.714285714,West
,,,,,,,,,,,,,,,,,,,,,,,,,,
73,FALSE,FALSE,FALSE,FALSE,TRUE,TRUE,FALSE,FALSE,FALSE,FALSE,TRUE,FALSE,1,1,1,1,0.5,0.090909091,0,FALSE,FALSE,TRUE,TRUE,0.8,0.714285714,West
,,,,,,,,,,,,,,,,,,,,,,,,,,
74,FALSE,FALSE,FALSE,FALSE,TRUE,FALSE,FALSE,FALSE,FALSE,FALSE,TRUE,FALSE,1,1,1,1,0.5,0.125,0,FALSE,TRUE,TRUE,TRUE,0.75,0.714285714,West
,,,,,,,,,,,,,,,,,,,,,,,,,,
75,FALSE,FALSE,FALSE,FALSE,TRUE,FALSE,FALSE,FALSE,FALSE,FALSE,TRUE,FALSE,1,1,1,1,0.5,0.125,0,FALSE,TRUE,TRUE,TRUE,0.7,0.714285714,West
,,,,,,,,,,,,,,,,,,,,,,,,,,
76,FALSE,FALSE,FALSE,FALSE,TRUE,FALSE,TRUE,FALSE,FALSE,FALSE,FALSE,FALSE,1,1,1,1,0.333333333,0.125,0,FALSE,TRUE,FALSE,TRUE,0.65,0.714285714,South
,,,,,,,,,,,,,,,,,,,,,,,,,,
77,FALSE,FALSE,FALSE,FALSE,FALSE,FALSE,TRUE,FALSE,FALSE,FALSE,FALSE,FALSE,1,1,1,1,0.5,0.166666667,0,TRUE,TRUE,FALSE,TRUE,0.65,0.571428571,South
,,,,,,,,,,,,,,,,,,,,,,,,,,
78,FALSE,FALSE,FALSE,FALSE,FALSE,FALSE,FALSE,TRUE,FALSE,TRUE,FALSE,FALSE,1,1,1,1,1,0.25,0,TRUE,TRUE,TRUE,FALSE,0.65,0.428571429,South
,,,,,,,,,,,,,,,,,,,,,,,,,,
79,FALSE,FALSE,FALSE,FALSE,FALSE,FALSE,TRUE,TRUE,FALSE,TRUE,FALSE,FALSE,1,1,1,1,0.5,0.25,0,TRUE,TRUE,FALSE,FALSE,0.65,0.285714286,South
,,,,,,,,,,,,,,,,,,,,,,,,,,
80,FALSE,FALSE,FALSE,FALSE,FALSE,TRUE,FALSE,FALSE,FALSE,FALSE,TRUE,TRUE,1,1,1,1,1,0.25,0,TRUE,FALSE,TRUE,TRUE,0.65,0.142857143,West
,,,,,,,,,,,,,,,,,,,,,,,,,,
81,FALSE,FALSE,FALSE,FALSE,TRUE,TRUE,FALSE,FALSE,FALSE,FALSE,TRUE,FALSE,1,1,1,1,0.5,0.25,0,FALSE,FALSE,TRUE,TRUE,0.6,0.142857143,West
,,,,,,,,,,,,,,,,,,,,,,,,,,
82,FALSE,FALSE,FALSE,FALSE,TRUE,TRUE,FALSE,FALSE,FALSE,FALSE,TRUE,FALSE,1,1,1,1,0.5,0.142857143,0,FALSE,FALSE,TRUE,TRUE,0.55,0.142857143,West
,,,,,,,,,,,,,,,,,,,,,,,,,,
83,FALSE,FALSE,FALSE,FALSE,TRUE,TRUE,FALSE,FALSE,FALSE,FALSE,FALSE,FALSE,1,1,1,1,0.142857143,0.1,0,FALSE,FALSE,TRUE,TRUE,0.5,0.142857143,East
,,,,,,,,,,,,,,,,,,,,,,,,,,
84,FALSE,FALSE,FALSE,FALSE,TRUE,TRUE,FALSE,FALSE,FALSE,FALSE,FALSE,FALSE,1,1,1,1,0.2,0.111111111,0,FALSE,FALSE,TRUE,TRUE,0.55,0.142857143,East
,,,,,,,,,,,,,,,,,,,,,,,,,,
85,FALSE,FALSE,FALSE,FALSE,TRUE,TRUE,FALSE,FALSE,FALSE,FALSE,FALSE,FALSE,1,1,1,1,0.333333333,0.125,0,FALSE,FALSE,TRUE,TRUE,0.6,0.142857143,East
,,,,,,,,,,,,,,,,,,,,,,,,,,
86,FALSE,FALSE,FALSE,FALSE,FALSE,TRUE,FALSE,FALSE,FALSE,FALSE,FALSE,TRUE,1,1,1,1,1,0.166666667,0,TRUE,FALSE,TRUE,TRUE,0.65,0.142857143,East
,,,,,,,,,,,,,,,,,,,,,,,,,,
87,FALSE,FALSE,FALSE,FALSE,TRUE,TRUE,FALSE,FALSE,FALSE,FALSE,FALSE,FALSE,1,1,1,1,0.083333333,0.25,0,FALSE,FALSE,TRUE,TRUE,0.7,0.142857143,West
,,,,,,,,,,,,,,,,,,,,,,,,,,
88,FALSE,FALSE,FALSE,FALSE,FALSE,TRUE,FALSE,FALSE,FALSE,FALSE,FALSE,FALSE,1,1,1,1,0.1,0.25,0,TRUE,FALSE,TRUE,TRUE,0.65,0.142857143,West
,,,,,,,,,,,,,,,,,,,,,,,,,,
89,FALSE,FALSE,FALSE,FALSE,TRUE,TRUE,FALSE,FALSE,FALSE,FALSE,FALSE,FALSE,1,1,1,1,0.111111111,0.25,0,FALSE,FALSE,TRUE,TRUE,0.6,0.142857143,West
,,,,,,,,,,,,,,,,,,,,,,,,,,
90,FALSE,FALSE,FALSE,FALSE,TRUE,TRUE,FALSE,FALSE,FALSE,FALSE,FALSE,FALSE,1,1,1,1,0.111111111,0.125,0,FALSE,FALSE,TRUE,TRUE,0.55,0.142857143,West
,,,,,,,,,,,,,,,,,,,,,,,,,,
91,FALSE,FALSE,FALSE,FALSE,TRUE,TRUE,FALSE,FALSE,FALSE,FALSE,FALSE,FALSE,1,1,1,1,0.125,0.090909091,0,FALSE,FALSE,TRUE,TRUE,0.5,0.142857143,West
,,,,,,,,,,,,,,,,,,,,,,,,,,
92,FALSE,FALSE,FALSE,FALSE,TRUE,TRUE,FALSE,FALSE,FALSE,FALSE,FALSE,FALSE,1,1,1,1,0.142857143,0.076923077,0,FALSE,FALSE,TRUE,TRUE,0.45,0.142857143,West
,,,,,,,,,,,,,,,,,,,,,,,,,,
93,FALSE,FALSE,FALSE,FALSE,TRUE,TRUE,FALSE,FALSE,FALSE,FALSE,FALSE,FALSE,1,1,1,1,0.2,0.1,0,FALSE,FALSE,TRUE,TRUE,0.4,0.142857143,West
,,,,,,,,,,,,,,,,,,,,,,,,,,
94,FALSE,FALSE,FALSE,FALSE,TRUE,TRUE,FALSE,FALSE,FALSE,FALSE,FALSE,FALSE,1,1,1,1,0.333333333,0.142857143,0,FALSE,FALSE,TRUE,TRUE,0.35,0.142857143,West
,,,,,,,,,,,,,,,,,,,,,,,,,,
95,FALSE,FALSE,FALSE,FALSE,FALSE,TRUE,FALSE,FALSE,TRUE,FALSE,FALSE,FALSE,1,1,1,1,1,0.333333333,0,TRUE,FALSE,TRUE,TRUE,0.3,0.142857143,North
,,,,,,,,,,,,,,,,,,,,,,,,,,
96,FALSE,FALSE,FALSE,FALSE,FALSE,FALSE,TRUE,TRUE,FALSE,FALSE,FALSE,FALSE,1,1,1,1,0.333333333,0.25,0,TRUE,TRUE,FALSE,FALSE,0.3,0.285714286,North
,,,,,,,,,,,,,,,,,,,,,,,,,,
97,FALSE,FALSE,FALSE,FALSE,FALSE,FALSE,TRUE,FALSE,FALSE,FALSE,FALSE,FALSE,1,1,1,1,0.5,0.333333333,0,TRUE,TRUE,FALSE,TRUE,0.3,0.428571429,North
,,,,,,,,,,,,,,,,,,,,,,,,,,
98,FALSE,FALSE,FALSE,FALSE,FALSE,FALSE,FALSE,TRUE,TRUE,FALSE,FALSE,FALSE,1,1,1,1,1,0.333333333,0,TRUE,TRUE,TRUE,FALSE,0.3,0.571428571,North
,,,,,,,,,,,,,,,,,,,,,,,,,,
99,FALSE,FALSE,FALSE,FALSE,TRUE,FALSE,FALSE,TRUE,FALSE,FALSE,TRUE,FALSE,1,1,1,1,0.5,0.25,0,FALSE,TRUE,TRUE,FALSE,0.3,0.714285714,West
,,,,,,,,,,,,,,,,,,,,,,,,,,
100,FALSE,FALSE,FALSE,FALSE,TRUE,TRUE,FALSE,FALSE,FALSE,FALSE,TRUE,TRUE,1,1,1,1,1,0.066666667,0.083333333,FALSE,FALSE,TRUE,TRUE,0.45,0.142857143,West
,,,,,,,,,,,,,,,,,,,,,,,,,,
101,FALSE,FALSE,FALSE,FALSE,TRUE,TRUE,FALSE,FALSE,FALSE,FALSE,TRUE,FALSE,1,1,1,1,0.5,0.076923077,0.090909091,FALSE,FALSE,TRUE,TRUE,0.4,0.142857143,West
,,,,,,,,,,,,,,,,,,,,,,,,,,
102,FALSE,FALSE,FALSE,FALSE,TRUE,TRUE,FALSE,FALSE,FALSE,FALSE,TRUE,FALSE,1,1,1,1,0.5,0.090909091,0.111111111,FALSE,FALSE,TRUE,TRUE,0.35,0.142857143,West
,,,,,,,,,,,,,,,,,,,,,,,,,,
103,FALSE,FALSE,FALSE,FALSE,FALSE,TRUE,FALSE,FALSE,TRUE,FALSE,TRUE,FALSE,1,1,1,1,1,0.142857143,0.166666667,TRUE,FALSE,TRUE,TRUE,0.3,0.142857143,West
,,,,,,,,,,,,,,,,,,,,,,,,,,
104,FALSE,FALSE,FALSE,FALSE,TRUE,TRUE,FALSE,FALSE,FALSE,FALSE,TRUE,FALSE,1,1,1,1,0.5,0.142857143,0.166666667,FALSE,FALSE,TRUE,TRUE,0.25,0.142857143,West
,,,,,,,,,,,,,,,,,,,,,,,,,,
105,FALSE,FALSE,FALSE,FALSE,FALSE,TRUE,FALSE,FALSE,TRUE,FALSE,TRUE,FALSE,1,1,1,1,1,0.142857143,0.25,TRUE,FALSE,TRUE,TRUE,0.2,0.142857143,North
,,,,,,,,,,,,,,,,,,,,,,,,,,
106,FALSE,FALSE,FALSE,FALSE,FALSE,FALSE,TRUE,TRUE,TRUE,FALSE,FALSE,FALSE,1,1,1,1,1,0.142857143,0.333333333,TRUE,TRUE,FALSE,FALSE,0.2,0.285714286,North
,,,,,,,,,,,,,,,,,,,,,,,,,,
107,FALSE,FALSE,FALSE,FALSE,FALSE,FALSE,FALSE,TRUE,TRUE,FALSE,FALSE,FALSE,1,1,1,1,1,0.2,0.5,TRUE,TRUE,TRUE,FALSE,0.2,0.428571429,West
,,,,,,,,,,,,,,,,,,,,,,,,,,
108,FALSE,FALSE,FALSE,FALSE,TRUE,TRUE,TRUE,FALSE,FALSE,FALSE,FALSE,FALSE,1,1,1,1,0.5,0.5,0.5,FALSE,FALSE,FALSE,TRUE,0.15,0.428571429,East
,,,,,,,,,,,,,,,,,,,,,,,,,,
109,FALSE,FALSE,FALSE,FALSE,FALSE,FALSE,FALSE,TRUE,TRUE,FALSE,FALSE,FALSE,1,1,1,1,1,0.25,0.047619048,TRUE,TRUE,TRUE,FALSE,0.2,0.428571429,North
,,,,,,,,,,,,,,,,,,,,,,,,,,
110,FALSE,FALSE,FALSE,FALSE,FALSE,FALSE,TRUE,FALSE,TRUE,FALSE,FALSE,TRUE,1,1,1,1,1,0.333333333,0.052631579,TRUE,TRUE,FALSE,TRUE,0.2,0.571428571,North
,,,,,,,,,,,,,,,,,,,,,,,,,,
111,FALSE,FALSE,FALSE,FALSE,TRUE,FALSE,FALSE,FALSE,FALSE,FALSE,TRUE,TRUE,1,1,1,1,1,0.333333333,0.055555556,FALSE,TRUE,TRUE,TRUE,0.2,0.714285714,East
,,,,,,,,,,,,,,,,,,,,,,,,,,
112,FALSE,FALSE,FALSE,FALSE,TRUE,FALSE,FALSE,FALSE,FALSE,TRUE,FALSE,TRUE,1,1,1,1,1,0.1,0.058823529,FALSE,TRUE,TRUE,TRUE,0.25,0.714285714,South
,,,,,,,,,,,,,,,,,,,,,,,,,,
113,FALSE,FALSE,FALSE,FALSE,FALSE,TRUE,FALSE,FALSE,FALSE,FALSE,FALSE,TRUE,1,1,1,1,1,0.111111111,0.055555556,TRUE,FALSE,TRUE,TRUE,0.25,0.571428571,East
,,,,,,,,,,,,,,,,,,,,,,,,,,
114,FALSE,FALSE,FALSE,FALSE,FALSE,FALSE,FALSE,TRUE,TRUE,TRUE,FALSE,FALSE,1,1,1,1,1,0.142857143,0.0625,TRUE,TRUE,TRUE,FALSE,0.3,0.571428571,South
,,,,,,,,,,,,,,,,,,,,,,,,,,
115,FALSE,FALSE,FALSE,FALSE,FALSE,FALSE,TRUE,FALSE,FALSE,TRUE,FALSE,TRUE,1,1,1,1,1,0.2,0.066666667,TRUE,TRUE,FALSE,TRUE,0.3,0.428571429,East
,,,,,,,,,,,,,,,,,,,,,,,,,,
116,FALSE,FALSE,FALSE,FALSE,TRUE,TRUE,FALSE,FALSE,FALSE,FALSE,FALSE,TRUE,1,1,1,1,1,0.25,0.076923077,FALSE,FALSE,TRUE,TRUE,0.35,0.428571429,East
,,,,,,,,,,,,,,,,,,,,,,,,,,
117,FALSE,FALSE,FALSE,FALSE,TRUE,TRUE,FALSE,FALSE,FALSE,FALSE,FALSE,TRUE,1,1,1,1,1,0.333333333,0.090909091,FALSE,FALSE,TRUE,TRUE,0.4,0.428571429,East
,,,,,,,,,,,,,,,,,,,,,,,,,,
118,FALSE,FALSE,FALSE,FALSE,FALSE,TRUE,FALSE,FALSE,FALSE,FALSE,FALSE,TRUE,1,1,1,1,1,1,0.090909091,TRUE,FALSE,TRUE,TRUE,0.45,0.428571429,East
,,,,,,,,,,,,,,,,,,,,,,,,,,
119,FALSE,FALSE,FALSE,FALSE,FALSE,TRUE,FALSE,FALSE,FALSE,FALSE,FALSE,TRUE,1,1,1,1,1,0.5,0.1,TRUE,FALSE,TRUE,TRUE,0.5,0.428571429,East
,,,,,,,,,,,,,,,,,,,,,,,,,,
120,FALSE,FALSE,FALSE,FALSE,TRUE,TRUE,FALSE,FALSE,FALSE,FALSE,FALSE,TRUE,1,1,1,1,1,0.333333333,0.111111111,FALSE,FALSE,TRUE,TRUE,0.55,0.428571429,East
,,,,,,,,,,,,,,,,,,,,,,,,,,
121,FALSE,FALSE,FALSE,FALSE,TRUE,TRUE,FALSE,FALSE,FALSE,FALSE,FALSE,TRUE,1,1,1,1,1,0.2,0.142857143,FALSE,FALSE,TRUE,TRUE,0.6,0.428571429,East
,,,,,,,,,,,,,,,,,,,,,,,,,,
122,FALSE,FALSE,FALSE,FALSE,FALSE,FALSE,FALSE,TRUE,TRUE,TRUE,FALSE,FALSE,1,1,1,1,1,0.2,0.166666667,TRUE,TRUE,TRUE,FALSE,0.65,0.428571429,North
,,,,,,,,,,,,,,,,,,,,,,,,,,
123,FALSE,FALSE,FALSE,FALSE,FALSE,FALSE,TRUE,FALSE,TRUE,FALSE,FALSE,TRUE,1,1,1,1,1,0.142857143,0.166666667,TRUE,TRUE,FALSE,TRUE,0.65,0.571428571,East
,,,,,,,,,,,,,,,,,,,,,,,,,,
124,FALSE,FALSE,FALSE,FALSE,FALSE,TRUE,FALSE,FALSE,TRUE,FALSE,FALSE,TRUE,1,1,1,1,1,0.111111111,0.25,TRUE,FALSE,TRUE,TRUE,0.7,0.571428571,East
,,,,,,,,,,,,,,,,,,,,,,,,,,
125,FALSE,FALSE,FALSE,FALSE,FALSE,FALSE,FALSE,TRUE,TRUE,TRUE,FALSE,FALSE,1,1,1,1,1,0.111111111,0.333333333,TRUE,TRUE,TRUE,FALSE,0.75,0.571428571,South
,,,,,,,,,,,,,,,,,,,,,,,,,,
126,FALSE,FALSE,FALSE,FALSE,FALSE,FALSE,TRUE,FALSE,FALSE,TRUE,FALSE,FALSE,1,1,1,1,1,0.090909091,0.5,TRUE,TRUE,FALSE,TRUE,0.75,0.428571429,East
,,,,,,,,,,,,,,,,,,,,,,,,,,
127,FALSE,FALSE,FALSE,FALSE,TRUE,TRUE,FALSE,TRUE,FALSE,FALSE,FALSE,FALSE,1,1,1,1,0.5,0.5,0,FALSE,FALSE,TRUE,FALSE,0.8,0.428571429,West
,,,,,,,,,,,,,,,,,,,,,,,,,,
128,FALSE,FALSE,FALSE,FALSE,FALSE,FALSE,TRUE,FALSE,FALSE,TRUE,FALSE,FALSE,1,1,1,1,1,0.083333333,0,TRUE,TRUE,FALSE,TRUE,0.75,0.428571429,East
,,,,,,,,,,,,,,,,,,,,,,,,,,
129,FALSE,FALSE,FALSE,FALSE,TRUE,TRUE,FALSE,TRUE,FALSE,FALSE,FALSE,FALSE,1,1,1,1,0.5,0.5,0,FALSE,FALSE,TRUE,FALSE,0.8,0.428571429,West
,,,,,,,,,,,,,,,,,,,,,,,,,,
130,FALSE,FALSE,FALSE,FALSE,FALSE,FALSE,TRUE,FALSE,FALSE,TRUE,FALSE,FALSE,1,1,1,1,1,0.090909091,0,TRUE,TRUE,FALSE,TRUE,0.75,0.428571429,East
,,,,,,,,,,,,,,,,,,,,,,,,,,
131,FALSE,FALSE,FALSE,FALSE,TRUE,TRUE,FALSE,TRUE,FALSE,FALSE,FALSE,FALSE,1,1,1,1,0.5,0.5,0,FALSE,FALSE,TRUE,FALSE,0.8,0.428571429,West
,,,,,,,,,,,,,,,,,,,,,,,,,,
132,FALSE,FALSE,FALSE,FALSE,FALSE,FALSE,TRUE,FALSE,FALSE,TRUE,FALSE,FALSE,1,1,1,1,1,0.076923077,0,TRUE,TRUE,FALSE,TRUE,0.75,0.428571429,East
,,,,,,,,,,,,,,,,,,,,,,,,,,
133,FALSE,FALSE,FALSE,FALSE,TRUE,TRUE,FALSE,TRUE,FALSE,FALSE,FALSE,FALSE,1,1,1,1,0.5,0.5,0,FALSE,FALSE,TRUE,FALSE,0.8,0.428571429,West
,,,,,,,,,,,,,,,,,,,,,,,,,,
134,FALSE,FALSE,FALSE,FALSE,FALSE,FALSE,TRUE,FALSE,FALSE,TRUE,FALSE,FALSE,1,1,1,1,1,0.083333333,0,TRUE,TRUE,FALSE,TRUE,0.75,0.428571429,East
,,,,,,,,,,,,,,,,,,,,,,,,,,
135,FALSE,FALSE,FALSE,FALSE,TRUE,TRUE,FALSE,TRUE,FALSE,FALSE,FALSE,FALSE,1,1,1,1,0.5,0.5,0,FALSE,FALSE,TRUE,FALSE,0.8,0.428571429,West
,,,,,,,,,,,,,,,,,,,,,,,,,,
136,FALSE,FALSE,FALSE,FALSE,FALSE,FALSE,TRUE,FALSE,FALSE,TRUE,FALSE,FALSE,1,1,1,1,1,0.1,0,TRUE,TRUE,FALSE,TRUE,0.75,0.428571429,East
,,,,,,,,,,,,,,,,,,,,,,,,,,
137,FALSE,FALSE,FALSE,FALSE,TRUE,TRUE,FALSE,TRUE,FALSE,FALSE,FALSE,FALSE,1,1,1,1,0.5,0.5,0,FALSE,FALSE,TRUE,FALSE,0.8,0.428571429,West
,,,,,,,,,,,,,,,,,,,,,,,,,,
138,FALSE,FALSE,FALSE,FALSE,FALSE,FALSE,TRUE,FALSE,FALSE,TRUE,FALSE,FALSE,1,1,1,1,1,0.111111111,0,TRUE,TRUE,FALSE,TRUE,0.75,0.428571429,East
,,,,,,,,,,,,,,,,,,,,,,,,,,
139,FALSE,FALSE,FALSE,FALSE,TRUE,TRUE,FALSE,TRUE,FALSE,FALSE,FALSE,FALSE,1,1,1,1,0.5,0.5,0,FALSE,FALSE,TRUE,FALSE,0.8,0.428571429,West
,,,,,,,,,,,,,,,,,,,,,,,,,,
140,FALSE,FALSE,FALSE,FALSE,FALSE,FALSE,TRUE,FALSE,FALSE,TRUE,FALSE,FALSE,1,1,1,1,1,0.090909091,0,TRUE,TRUE,FALSE,TRUE,0.75,0.428571429,East
,,,,,,,,,,,,,,,,,,,,,,,,,,
141,FALSE,FALSE,FALSE,FALSE,TRUE,TRUE,FALSE,TRUE,FALSE,FALSE,FALSE,FALSE,1,1,1,1,0.5,0.5,0,FALSE,FALSE,TRUE,FALSE,0.8,0.428571429,West
,,,,,,,,,,,,,,,,,,,,,,,,,,
142,FALSE,FALSE,FALSE,FALSE,FALSE,FALSE,TRUE,FALSE,FALSE,TRUE,FALSE,FALSE,1,1,1,1,1,0.090909091,0,TRUE,TRUE,FALSE,TRUE,0.75,0.428571429,East
,,,,,,,,,,,,,,,,,,,,,,,,,,
143,FALSE,FALSE,FALSE,FALSE,TRUE,TRUE,FALSE,TRUE,FALSE,FALSE,FALSE,FALSE,1,1,1,1,0.5,0.5,0,FALSE,FALSE,TRUE,FALSE,0.8,0.428571429,West
,,,,,,,,,,,,,,,,,,,,,,,,,,
144,FALSE,FALSE,FALSE,FALSE,FALSE,FALSE,TRUE,FALSE,FALSE,TRUE,FALSE,FALSE,1,1,1,1,1,0.111111111,0,TRUE,TRUE,FALSE,TRUE,0.75,0.428571429,East
,,,,,,,,,,,,,,,,,,,,,,,,,,
145,FALSE,FALSE,FALSE,FALSE,TRUE,TRUE,FALSE,TRUE,FALSE,FALSE,FALSE,FALSE,1,1,1,1,0.5,0.5,0,FALSE,FALSE,TRUE,FALSE,0.8,0.428571429,West
,,,,,,,,,,,,,,,,,,,,,,,,,,
146,FALSE,FALSE,FALSE,FALSE,FALSE,FALSE,TRUE,FALSE,FALSE,TRUE,FALSE,FALSE,1,1,1,1,1,0.142857143,0,TRUE,TRUE,FALSE,TRUE,0.75,0.428571429,East
,,,,,,,,,,,,,,,,,,,,,,,,,,
147,FALSE,FALSE,FALSE,FALSE,TRUE,TRUE,FALSE,TRUE,FALSE,FALSE,FALSE,FALSE,1,1,1,1,0.5,0.5,0,FALSE,FALSE,TRUE,FALSE,0.8,0.428571429,West
,,,,,,,,,,,,,,,,,,,,,,,,,,
148,FALSE,FALSE,FALSE,FALSE,FALSE,FALSE,TRUE,FALSE,FALSE,TRUE,FALSE,FALSE,1,1,1,1,1,0.166666667,0,TRUE,TRUE,FALSE,TRUE,0.75,0.428571429,East
,,,,,,,,,,,,,,,,,,,,,,,,,,
149,FALSE,FALSE,FALSE,FALSE,TRUE,TRUE,FALSE,TRUE,FALSE,FALSE,FALSE,FALSE,1,1,1,1,0.5,0.5,0,FALSE,FALSE,TRUE,FALSE,0.8,0.428571429,West
,,,,,,,,,,,,,,,,,,,,,,,,,,
150,FALSE,FALSE,FALSE,FALSE,FALSE,FALSE,TRUE,FALSE,FALSE,TRUE,FALSE,FALSE,1,1,1,1,1,0.2,0,TRUE,TRUE,FALSE,TRUE,0.75,0.428571429,East
,,,,,,,,,,,,,,,,,,,,,,,,,,
151,FALSE,FALSE,FALSE,FALSE,TRUE,TRUE,FALSE,TRUE,FALSE,FALSE,FALSE,FALSE,1,1,1,1,0.5,0.5,0,FALSE,FALSE,TRUE,FALSE,0.8,0.428571429,West
,,,,,,,,,,,,,,,,,,,,,,,,,,
152,FALSE,FALSE,FALSE,FALSE,FALSE,FALSE,TRUE,FALSE,FALSE,TRUE,FALSE,FALSE,1,1,1,1,1,0.25,0,TRUE,TRUE,FALSE,TRUE,0.75,0.428571429,North
,,,,,,,,,,,,,,,,,,,,,,,,,,
153,FALSE,FALSE,FALSE,FALSE,FALSE,FALSE,FALSE,TRUE,TRUE,FALSE,FALSE,FALSE,1,1,1,1,1,0.333333333,0,TRUE,TRUE,TRUE,FALSE,0.75,0.571428571,West
,,,,,,,,,,,,,,,,,,,,,,,,,,
154,FALSE,FALSE,FALSE,FALSE,FALSE,TRUE,FALSE,FALSE,TRUE,FALSE,FALSE,FALSE,1,1,1,1,1,0.5,0,TRUE,FALSE,TRUE,TRUE,0.7,0.571428571,North
,,,,,,,,,,,,,,,,,,,,,,,,,,
155,FALSE,FALSE,FALSE,FALSE,TRUE,FALSE,FALSE,FALSE,FALSE,FALSE,TRUE,TRUE,1,1,1,1,1,0.5,0,FALSE,TRUE,TRUE,TRUE,0.7,0.714285714,West
,,,,,,,,,,,,,,,,,,,,,,,,,,
156,FALSE,FALSE,FALSE,FALSE,TRUE,FALSE,TRUE,FALSE,FALSE,FALSE,FALSE,FALSE,1,1,1,1,0.333333333,0.125,0,FALSE,TRUE,FALSE,TRUE,0.65,0.714285714,East
,,,,,,,,,,,,,,,,,,,,,,,,,,
157,FALSE,FALSE,FALSE,FALSE,TRUE,FALSE,FALSE,FALSE,FALSE,FALSE,FALSE,TRUE,1,1,1,1,1,0.111111111,0,FALSE,TRUE,TRUE,TRUE,0.7,0.714285714,East
,,,,,,,,,,,,,,,,,,,,,,,,,,
158,FALSE,FALSE,FALSE,FALSE,TRUE,FALSE,FALSE,FALSE,FALSE,FALSE,FALSE,TRUE,1,1,1,1,1,0.111111111,0,FALSE,TRUE,TRUE,TRUE,0.75,0.714285714,East
,,,,,,,,,,,,,,,,,,,,,,,,,,
159,FALSE,FALSE,FALSE,FALSE,TRUE,TRUE,FALSE,FALSE,FALSE,FALSE,FALSE,TRUE,1,1,1,1,1,0.090909091,0,FALSE,FALSE,TRUE,TRUE,0.8,0.714285714,East
,,,,,,,,,,,,,,,,,,,,,,,,,,
160,FALSE,FALSE,FALSE,FALSE,TRUE,TRUE,FALSE,FALSE,FALSE,FALSE,FALSE,TRUE,1,1,1,1,1,0.083333333,0,FALSE,FALSE,TRUE,TRUE,0.85,0.714285714,East
,,,,,,,,,,,,,,,,,,,,,,,,,,
161,FALSE,FALSE,FALSE,FALSE,TRUE,FALSE,FALSE,TRUE,FALSE,TRUE,FALSE,FALSE,1,1,1,1,1,0.066666667,0,FALSE,TRUE,TRUE,FALSE,0.9,0.714285714,South
,,,,,,,,,,,,,,,,,,,,,,,,,,
162,FALSE,FALSE,FALSE,FALSE,FALSE,FALSE,TRUE,TRUE,FALSE,TRUE,FALSE,FALSE,1,1,1,1,0.5,0.055555556,0,TRUE,TRUE,FALSE,FALSE,0.9,0.571428571,South
,,,,,,,,,,,,,,,,,,,,,,,,,,
163,FALSE,FALSE,FALSE,FALSE,FALSE,FALSE,TRUE,TRUE,FALSE,TRUE,FALSE,FALSE,1,1,1,1,0.5,0.047619048,0,TRUE,TRUE,FALSE,FALSE,0.9,0.428571429,South
,,,,,,,,,,,,,,,,,,,,,,,,,,
164,FALSE,FALSE,FALSE,FALSE,FALSE,FALSE,TRUE,TRUE,FALSE,TRUE,FALSE,FALSE,1,1,1,1,0.5,0.045454545,0,TRUE,TRUE,FALSE,FALSE,0.9,0.285714286,South
,,,,,,,,,,,,,,,,,,,,,,,,,,
165,FALSE,FALSE,FALSE,FALSE,FALSE,TRUE,FALSE,TRUE,FALSE,FALSE,TRUE,FALSE,1,1,1,1,0.5,0.055555556,0,TRUE,FALSE,TRUE,FALSE,0.9,0.142857143,West
,,,,,,,,,,,,,,,,,,,,,,,,,,
166,FALSE,FALSE,FALSE,FALSE,TRUE,TRUE,FALSE,FALSE,FALSE,FALSE,TRUE,FALSE,1,1,1,1,0.5,0.058823529,0,FALSE,FALSE,TRUE,TRUE,0.85,0.142857143,West
,,,,,,,,,,,,,,,,,,,,,,,,,,
167,FALSE,FALSE,FALSE,FALSE,TRUE,TRUE,FALSE,FALSE,FALSE,FALSE,TRUE,FALSE,1,1,1,1,0.5,0.0625,0,FALSE,FALSE,TRUE,TRUE,0.8,0.142857143,West
,,,,,,,,,,,,,,,,,,,,,,,,,,
168,FALSE,FALSE,FALSE,FALSE,FALSE,TRUE,FALSE,FALSE,TRUE,FALSE,TRUE,FALSE,1,1,1,1,1,0.071428571,0,TRUE,FALSE,TRUE,TRUE,0.75,0.142857143,West
,,,,,,,,,,,,,,,,,,,,,,,,,,
169,FALSE,FALSE,FALSE,FALSE,TRUE,TRUE,FALSE,FALSE,FALSE,FALSE,TRUE,FALSE,1,1,1,1,0.5,0.083333333,0,FALSE,FALSE,TRUE,TRUE,0.7,0.142857143,West
,,,,,,,,,,,,,,,,,,,,,,,,,,
170,FALSE,FALSE,FALSE,FALSE,FALSE,TRUE,FALSE,FALSE,TRUE,FALSE,TRUE,FALSE,1,1,1,1,1,0.111111111,0,TRUE,FALSE,TRUE,TRUE,0.65,0.142857143,West
,,,,,,,,,,,,,,,,,,,,,,,,,,
171,FALSE,FALSE,FALSE,FALSE,TRUE,TRUE,FALSE,FALSE,FALSE,FALSE,TRUE,FALSE,1,1,1,1,0.5,0.142857143,0,FALSE,FALSE,TRUE,TRUE,0.6,0.142857143,West
,,,,,,,,,,,,,,,,,,,,,,,,,,
172,FALSE,FALSE,FALSE,FALSE,TRUE,TRUE,FALSE,FALSE,FALSE,FALSE,TRUE,FALSE,1,1,1,1,0.5,0.2,0,FALSE,FALSE,TRUE,TRUE,0.55,0.142857143,West
,,,,,,,,,,,,,,,,,,,,,,,,,,
173,FALSE,FALSE,FALSE,FALSE,TRUE,TRUE,FALSE,FALSE,FALSE,FALSE,FALSE,FALSE,1,1,1,1,0.166666667,0.5,0,FALSE,FALSE,TRUE,TRUE,0.5,0.142857143,East
,,,,,,,,,,,,,,,,,,,,,,,,,,
174,FALSE,FALSE,FALSE,FALSE,TRUE,TRUE,FALSE,FALSE,FALSE,FALSE,FALSE,FALSE,1,1,1,1,0.25,0.5,0,FALSE,FALSE,TRUE,TRUE,0.55,0.142857143,East
,,,,,,,,,,,,,,,,,,,,,,,,,,
175,FALSE,FALSE,FALSE,FALSE,TRUE,TRUE,FALSE,FALSE,FALSE,FALSE,FALSE,FALSE,1,1,1,1,0.5,0.5,0,FALSE,FALSE,TRUE,TRUE,0.6,0.142857143,East
,,,,,,,,,,,,,,,,,,,,,,,,,,
176,FALSE,FALSE,FALSE,FALSE,FALSE,TRUE,FALSE,FALSE,TRUE,FALSE,FALSE,FALSE,1,1,1,1,1,0.5,0,TRUE,FALSE,TRUE,TRUE,0.65,0.142857143,East
,,,,,,,,,,,,,,,,,,,,,,,,,,
177,FALSE,FALSE,FALSE,FALSE,TRUE,TRUE,FALSE,FALSE,FALSE,FALSE,FALSE,FALSE,1,1,1,1,0.5,0.5,0,FALSE,FALSE,TRUE,TRUE,0.7,0.142857143,East
,,,,,,,,,,,,,,,,,,,,,,,,,,
178,FALSE,FALSE,FALSE,FALSE,FALSE,TRUE,FALSE,FALSE,TRUE,FALSE,FALSE,FALSE,1,1,1,1,1,0.5,0,TRUE,FALSE,TRUE,TRUE,0.75,0.142857143,North
,,,,,,,,,,,,,,,,,,,,,,,,,,
179,FALSE,FALSE,FALSE,FALSE,FALSE,FALSE,TRUE,TRUE,FALSE,FALSE,FALSE,FALSE,1,1,1,1,0.2,0.5,0,TRUE,TRUE,FALSE,FALSE,0.75,0.285714286,North
,,,,,,,,,,,,,,,,,,,,,,,,,,
180,FALSE,FALSE,FALSE,FALSE,FALSE,FALSE,TRUE,FALSE,FALSE,FALSE,FALSE,FALSE,1,1,1,1,0.166666667,0.333333333,0,TRUE,TRUE,FALSE,TRUE,0.75,0.428571429,North
,,,,,,,,,,,,,,,,,,,,,,,,,,
181,FALSE,FALSE,FALSE,FALSE,FALSE,FALSE,FALSE,TRUE,FALSE,FALSE,FALSE,FALSE,1,1,1,1,0.2,0.5,0,TRUE,TRUE,TRUE,FALSE,0.75,0.571428571,West
,,,,,,,,,,,,,,,,,,,,,,,,,,
182,FALSE,FALSE,FALSE,FALSE,FALSE,TRUE,FALSE,FALSE,FALSE,FALSE,FALSE,FALSE,1,1,1,1,0.25,0.333333333,0,TRUE,FALSE,TRUE,TRUE,0.7,0.571428571,West
,,,,,,,,,,,,,,,,,,,,,,,,,,
183,FALSE,FALSE,FALSE,FALSE,FALSE,FALSE,TRUE,FALSE,FALSE,FALSE,FALSE,FALSE,1,1,1,1,0.5,0.333333333,0,TRUE,TRUE,FALSE,TRUE,0.65,0.571428571,South
,,,,,,,,,,,,,,,,,,,,,,,,,,
184,FALSE,FALSE,FALSE,FALSE,FALSE,FALSE,FALSE,TRUE,FALSE,TRUE,FALSE,FALSE,1,1,1,1,1,0.5,0,TRUE,TRUE,TRUE,FALSE,0.65,0.428571429,South
,,,,,,,,,,,,,,,,,,,,,,,,,,
185,FALSE,FALSE,FALSE,FALSE,FALSE,FALSE,TRUE,TRUE,FALSE,FALSE,FALSE,FALSE,1,1,1,1,0.090909091,0.5,0,TRUE,TRUE,FALSE,FALSE,0.65,0.285714286,South
,,,,,,,,,,,,,,,,,,,,,,,,,,
186,FALSE,FALSE,FALSE,FALSE,FALSE,TRUE,FALSE,FALSE,FALSE,FALSE,FALSE,FALSE,1,1,1,1,0.1,0.5,0,TRUE,FALSE,TRUE,TRUE,0.65,0.142857143,West
,,,,,,,,,,,,,,,,,,,,,,,,,,
187,FALSE,FALSE,FALSE,FALSE,TRUE,TRUE,FALSE,FALSE,FALSE,FALSE,FALSE,FALSE,1,1,1,1,0.111111111,0.2,0,FALSE,FALSE,TRUE,TRUE,0.6,0.142857143,West
,,,,,,,,,,,,,,,,,,,,,,,,,,
188,FALSE,FALSE,FALSE,FALSE,TRUE,TRUE,FALSE,FALSE,FALSE,FALSE,FALSE,FALSE,1,1,1,1,0.111111111,0.125,0,FALSE,FALSE,TRUE,TRUE,0.55,0.142857143,West
,,,,,,,,,,,,,,,,,,,,,,,,,,
189,FALSE,FALSE,FALSE,FALSE,TRUE,TRUE,FALSE,FALSE,FALSE,FALSE,FALSE,FALSE,1,1,1,1,0.125,0.090909091,0,FALSE,FALSE,TRUE,TRUE,0.5,0.142857143,West
,,,,,,,,,,,,,,,,,,,,,,,,,,
190,FALSE,FALSE,FALSE,FALSE,TRUE,TRUE,FALSE,FALSE,FALSE,FALSE,FALSE,FALSE,1,1,1,1,0.142857143,0.083333333,0,FALSE,FALSE,TRUE,TRUE,0.45,0.142857143,West
,,,,,,,,,,,,,,,,,,,,,,,,,,
191,FALSE,FALSE,FALSE,FALSE,TRUE,TRUE,FALSE,FALSE,FALSE,FALSE,FALSE,FALSE,1,1,1,1,0.2,0.111111111,0,FALSE,FALSE,TRUE,TRUE,0.4,0.142857143,West
,,,,,,,,,,,,,,,,,,,,,,,,,,
192,FALSE,FALSE,FALSE,FALSE,TRUE,TRUE,FALSE,FALSE,FALSE,FALSE,FALSE,FALSE,1,1,1,1,0.333333333,0.166666667,0,FALSE,FALSE,TRUE,TRUE,0.35,0.142857143,West
,,,,,,,,,,,,,,,,,,,,,,,,,,
193,FALSE,FALSE,FALSE,FALSE,FALSE,TRUE,FALSE,FALSE,TRUE,FALSE,FALSE,FALSE,1,1,1,1,1,0.5,0,TRUE,FALSE,TRUE,TRUE,0.3,0.142857143,West
,,,,,,,,,,,,,,,,,,,,,,,,,,
194,FALSE,FALSE,FALSE,FALSE,TRUE,TRUE,FALSE,FALSE,FALSE,FALSE,FALSE,FALSE,1,1,1,1,0.5,0.5,0,FALSE,FALSE,TRUE,TRUE,0.25,0.142857143,West
,,,,,,,,,,,,,,,,,,,,,,,,,,
195,FALSE,FALSE,FALSE,FALSE,FALSE,TRUE,FALSE,FALSE,FALSE,FALSE,TRUE,FALSE,1,1,1,1,0.5,0.333333333,0,TRUE,FALSE,TRUE,TRUE,0.2,0.142857143,West
,,,,,,,,,,,,,,,,,,,,,,,,,,
196,FALSE,FALSE,FALSE,FALSE,TRUE,TRUE,FALSE,FALSE,FALSE,FALSE,TRUE,FALSE,1,1,1,1,0.5,0.166666667,0,FALSE,FALSE,TRUE,TRUE,0.15,0.142857143,West
,,,,,,,,,,,,,,,,,,,,,,,,,,
197,FALSE,FALSE,FALSE,FALSE,TRUE,TRUE,FALSE,FALSE,FALSE,FALSE,TRUE,FALSE,1,1,1,1,0.5,0.111111111,0,FALSE,FALSE,TRUE,TRUE,0.1,0.142857143,West
,,,,,,,,,,,,,,,,,,,,,,,,,,
198,FALSE,FALSE,FALSE,FALSE,FALSE,TRUE,TRUE,FALSE,TRUE,FALSE,FALSE,FALSE,1,1,1,1,1,0.076923077,0,TRUE,FALSE,FALSE,TRUE,0.05,0.142857143,North
,,,,,,,,,,,,,,,,,,,,,,,,,,
199,FALSE,FALSE,FALSE,FALSE,FALSE,FALSE,TRUE,TRUE,TRUE,FALSE,FALSE,FALSE,1,1,1,1,1,0.055555556,0,TRUE,TRUE,FALSE,FALSE,0.05,0.285714286,North
,,,,,,,,,,,,,,,,,,,,,,,,,,
200,FALSE,FALSE,FALSE,FALSE,FALSE,FALSE,TRUE,TRUE,TRUE,FALSE,FALSE,FALSE,1,1,1,1,1,0.052631579,0,TRUE,TRUE,FALSE,FALSE,0.05,0.428571429,North
,,,,,,,,,,,,,,,,,,,,,,,,,,
201,FALSE,FALSE,FALSE,FALSE,FALSE,FALSE,TRUE,TRUE,TRUE,FALSE,FALSE,FALSE,1,1,1,1,1,0.05,0,TRUE,TRUE,FALSE,FALSE,0.05,0.571428571,North
,,,,,,,,,,,,,,,,,,,,,,,,,,
202,FALSE,FALSE,FALSE,FALSE,TRUE,FALSE,TRUE,FALSE,FALSE,FALSE,FALSE,TRUE,1,1,1,1,0.5,0.05,0,FALSE,TRUE,FALSE,TRUE,0.05,0.714285714,East
,,,,,,,,,,,,,,,,,,,,,,,,,,
203,FALSE,FALSE,FALSE,FALSE,TRUE,TRUE,FALSE,FALSE,FALSE,FALSE,FALSE,TRUE,1,1,1,1,1,0.052631579,0,FALSE,FALSE,TRUE,TRUE,0.1,0.714285714,East
,,,,,,,,,,,,,,,,,,,,,,,,,,
204,FALSE,FALSE,FALSE,FALSE,TRUE,TRUE,FALSE,FALSE,FALSE,FALSE,FALSE,FALSE,1,1,1,1,0.25,0.058823529,0,FALSE,FALSE,TRUE,TRUE,0.15,0.714285714,East
,,,,,,,,,,,,,,,,,,,,,,,,,,
205,FALSE,FALSE,FALSE,FALSE,TRUE,FALSE,FALSE,FALSE,FALSE,FALSE,FALSE,FALSE,1,1,1,1,0.333333333,0.071428571,0,FALSE,TRUE,TRUE,TRUE,0.2,0.714285714,East
,,,,,,,,,,,,,,,,,,,,,,,,,,
206,FALSE,FALSE,FALSE,FALSE,TRUE,FALSE,FALSE,FALSE,FALSE,FALSE,FALSE,TRUE,1,1,1,1,1,0.083333333,0,FALSE,TRUE,TRUE,TRUE,0.25,0.714285714,East
,,,,,,,,,,,,,,,,,,,,,,,,,,
207,FALSE,FALSE,FALSE,FALSE,TRUE,FALSE,FALSE,TRUE,FALSE,FALSE,FALSE,FALSE,1,1,1,1,0.333333333,0.071428571,0,FALSE,TRUE,TRUE,FALSE,0.3,0.714285714,South
,,,,,,,,,,,,,,,,,,,,,,,,,,
208,FALSE,FALSE,FALSE,FALSE,FALSE,FALSE,FALSE,TRUE,FALSE,FALSE,FALSE,FALSE,1,1,1,1,0.5,0.071428571,0,TRUE,TRUE,TRUE,FALSE,0.3,0.571428571,South
,,,,,,,,,,,,,,,,,,,,,,,,,,
209,FALSE,FALSE,FALSE,FALSE,FALSE,FALSE,TRUE,FALSE,FALSE,TRUE,FALSE,FALSE,1,1,1,1,1,0.083333333,0,TRUE,TRUE,FALSE,TRUE,0.3,0.428571429,South
